"TeamID","TeamName","TeamLogo","PlayerID","PlayerName","Age","Number","Position","Photo","FetchedAt"
"1532","Algeria","https://media.api-sports.io/football/teams/1532.png","292924","A. Benbouali","26",,"Attacker","https://media.api-sports.io/football/players/292924.png","2026-05-25T12:16:16Z"
"1532","Algeria","https://media.api-sports.io/football/teams/1532.png","329163","A. Boulbina","22","27","Attacker","https://media.api-sports.io/football/players/329163.png","2026-05-25T12:16:16Z"
"1532","Algeria","https://media.api-sports.io/football/teams/1532.png","85041","A. Gouiri","25","11","Attacker","https://media.api-sports.io/football/players/85041.png","2026-05-25T12:16:16Z"
"1532","Algeria","https://media.api-sports.io/football/teams/1532.png","326067","A. Hadj-Moussa","23","11","Attacker","https://media.api-sports.io/football/players/326067.png","2026-05-25T12:16:16Z"
"1532","Algeria","https://media.api-sports.io/football/teams/1532.png","393073","Amin Chiakha","19","9","Attacker","https://media.api-sports.io/football/players/393073.png","2026-05-25T12:16:16Z"
"1532","Algeria","https://media.api-sports.io/football/teams/1532.png","276670","F. Chaïbi","23","17","Attacker","https://media.api-sports.io/football/players/276670.png","2026-05-25T12:16:16Z"
"1532","Algeria","https://media.api-sports.io/football/teams/1532.png","334915","F. Ghedjemis","23",,"Attacker","https://media.api-sports.io/football/players/334915.png","2026-05-25T12:16:16Z"
"1532","Algeria","https://media.api-sports.io/football/teams/1532.png","200139","M. Amoura","26","18","Attacker","https://media.api-sports.io/football/players/200139.png","2026-05-25T12:16:16Z"
"1532","Algeria","https://media.api-sports.io/football/teams/1532.png","635","R. Mahrez","34","7","Attacker","https://media.api-sports.io/football/players/635.png","2026-05-25T12:16:16Z"
"1532","Algeria","https://media.api-sports.io/football/teams/1532.png","342740","A. Abada","26","19","Defender","https://media.api-sports.io/football/players/342740.png","2026-05-25T12:16:16Z"
"1532","Algeria","https://media.api-sports.io/football/teams/1532.png","1567","A. Mandi","34","2","Defender","https://media.api-sports.io/football/players/1567.png","2026-05-25T12:16:16Z"
"1532","Algeria","https://media.api-sports.io/football/teams/1532.png","4997","H. Baouche","30","2","Defender","https://media.api-sports.io/football/players/4997.png","2026-05-25T12:16:16Z"
"1532","Algeria","https://media.api-sports.io/football/teams/1532.png","284935","M. Dorval","24","3","Defender","https://media.api-sports.io/football/players/284935.png","2026-05-25T12:16:16Z"
"1532","Algeria","https://media.api-sports.io/football/teams/1532.png","21138","R. Aït-Nouri","24","15","Defender","https://media.api-sports.io/football/players/21138.png","2026-05-25T12:16:16Z"
"1532","Algeria","https://media.api-sports.io/football/teams/1532.png","303362","R. Belghali","23","25","Defender","https://media.api-sports.io/football/players/303362.png","2026-05-25T12:16:16Z"
"1532","Algeria","https://media.api-sports.io/football/teams/1532.png","277029","R. Benchaa","24","22","Defender","https://media.api-sports.io/football/players/277029.png","2026-05-25T12:16:16Z"
"1532","Algeria","https://media.api-sports.io/football/teams/1532.png","2194","R. Bensebaïni","30","21","Defender","https://media.api-sports.io/football/players/2194.png","2026-05-25T12:16:16Z"
"1532","Algeria","https://media.api-sports.io/football/teams/1532.png","4707","R. Halaïmia","29","12","Defender","https://media.api-sports.io/football/players/4707.png","2026-05-25T12:16:16Z"
"1532","Algeria","https://media.api-sports.io/football/teams/1532.png","191336","S. Nair","23","4","Defender","https://media.api-sports.io/football/players/191336.png","2026-05-25T12:16:16Z"
"1532","Algeria","https://media.api-sports.io/football/teams/1532.png","4561","Z. Belaïd","27","5","Defender","https://media.api-sports.io/football/players/4561.png","2026-05-25T12:16:16Z"
"1532","Algeria","https://media.api-sports.io/football/teams/1532.png","21137","A. Mandréa","29","1","Goalkeeper","https://media.api-sports.io/football/players/21137.png","2026-05-25T12:16:16Z"
"1532","Algeria","https://media.api-sports.io/football/teams/1532.png","601332","Kilian Belazzoug","19",,"Goalkeeper","https://media.api-sports.io/football/players/601332.png","2026-05-25T12:16:16Z"
"1532","Algeria","https://media.api-sports.io/football/teams/1532.png","732","L. Zidane","27","23","Goalkeeper","https://media.api-sports.io/football/players/732.png","2026-05-25T12:16:16Z"
"1532","Algeria","https://media.api-sports.io/football/teams/1532.png","304229","M. Mastil","25",,"Goalkeeper","https://media.api-sports.io/football/players/304229.png","2026-05-25T12:16:16Z"
"1532","Algeria","https://media.api-sports.io/football/teams/1532.png","137129","A. Aouchiche","23","10","Midfielder","https://media.api-sports.io/football/players/137129.png","2026-05-25T12:16:16Z"
"1532","Algeria","https://media.api-sports.io/football/teams/1532.png","658","H. Aouar","27","8","Midfielder","https://media.api-sports.io/football/players/658.png","2026-05-25T12:16:16Z"
"1532","Algeria","https://media.api-sports.io/football/teams/1532.png","4399","H. Boudaoui","26","14","Midfielder","https://media.api-sports.io/football/players/4399.png","2026-05-25T12:16:16Z"
"1532","Algeria","https://media.api-sports.io/football/teams/1532.png","294652","H. Mrezigue","26","15","Midfielder","https://media.api-sports.io/football/players/294652.png","2026-05-25T12:16:16Z"
"1532","Algeria","https://media.api-sports.io/football/teams/1532.png","380587","I. Maza","20","22","Midfielder","https://media.api-sports.io/football/players/380587.png","2026-05-25T12:16:16Z"
"1532","Algeria","https://media.api-sports.io/football/teams/1532.png","129047","R. Zerrouki","27","6","Midfielder","https://media.api-sports.io/football/players/129047.png","2026-05-25T12:16:16Z"
"1532","Algeria","https://media.api-sports.io/football/teams/1532.png","327599","Y. Titraoui","22","8","Midfielder","https://media.api-sports.io/football/players/327599.png","2026-05-25T12:16:16Z"
"26","Argentina","https://media.api-sports.io/football/teams/26.png","449249","Franco Mastantuono","18","10","Attacker","https://media.api-sports.io/football/players/449249.png","2026-05-25T12:16:16Z"
"26","Argentina","https://media.api-sports.io/football/teams/26.png","362755","G. Prestianni","19","20","Attacker","https://media.api-sports.io/football/players/362755.png","2026-05-25T12:16:16Z"
"26","Argentina","https://media.api-sports.io/football/teams/26.png","323935","G. Simeone","23","17","Attacker","https://media.api-sports.io/football/players/323935.png","2026-05-25T12:16:16Z"
"26","Argentina","https://media.api-sports.io/football/teams/26.png","6009","J. Álvarez","25","9","Attacker","https://media.api-sports.io/football/players/6009.png","2026-05-25T12:16:16Z"
"26","Argentina","https://media.api-sports.io/football/teams/26.png","295513","J. López","25","13","Attacker","https://media.api-sports.io/football/players/295513.png","2026-05-25T12:16:16Z"
"26","Argentina","https://media.api-sports.io/football/teams/26.png","154","L. Messi","38","10","Attacker","https://media.api-sports.io/football/players/154.png","2026-05-25T12:16:16Z"
"26","Argentina","https://media.api-sports.io/football/teams/26.png","26315","N. González","27","15","Attacker","https://media.api-sports.io/football/players/26315.png","2026-05-25T12:16:16Z"
"26","Argentina","https://media.api-sports.io/football/teams/26.png","6067","T. Almada","24","16","Attacker","https://media.api-sports.io/football/players/6067.png","2026-05-25T12:16:16Z"
"26","Argentina","https://media.api-sports.io/football/teams/26.png","306706","A. Giay","21","4","Defender","https://media.api-sports.io/football/players/306706.png","2026-05-25T12:16:16Z"
"26","Argentina","https://media.api-sports.io/football/teams/26.png","30776","C. Romero","27","13","Defender","https://media.api-sports.io/football/players/30776.png","2026-05-25T12:16:16Z"
"26","Argentina","https://media.api-sports.io/football/teams/26.png","6608","G. Rojas","28",,"Defender","https://media.api-sports.io/football/players/6608.png","2026-05-25T12:16:16Z"
"26","Argentina","https://media.api-sports.io/football/teams/26.png","6000","L. Martínez","29","2","Defender","https://media.api-sports.io/football/players/6000.png","2026-05-25T12:16:16Z"
"26","Argentina","https://media.api-sports.io/football/teams/26.png","1493","M. Acuña","34","8","Defender","https://media.api-sports.io/football/players/1493.png","2026-05-25T12:16:16Z"
"26","Argentina","https://media.api-sports.io/football/teams/26.png","6610","M. Senesi","28","6","Defender","https://media.api-sports.io/football/players/6610.png","2026-05-25T12:16:16Z"
"26","Argentina","https://media.api-sports.io/football/teams/26.png","6503","N. Molina","27","16","Defender","https://media.api-sports.io/football/players/6503.png","2026-05-25T12:16:16Z"
"26","Argentina","https://media.api-sports.io/football/teams/26.png","624","N. Otamendi","37","19","Defender","https://media.api-sports.io/football/players/624.png","2026-05-25T12:16:16Z"
"26","Argentina","https://media.api-sports.io/football/teams/26.png","529","N. Tagliafico","33","3","Defender","https://media.api-sports.io/football/players/529.png","2026-05-25T12:16:16Z"
"26","Argentina","https://media.api-sports.io/football/teams/26.png","19599","E. Martínez","33","23","Goalkeeper","https://media.api-sports.io/football/players/19599.png","2026-05-25T12:16:16Z"
"26","Argentina","https://media.api-sports.io/football/teams/26.png","47296","G. Rulli","33","12","Goalkeeper","https://media.api-sports.io/football/players/47296.png","2026-05-25T12:16:16Z"
"26","Argentina","https://media.api-sports.io/football/teams/26.png","2465","J. Musso","31","23","Goalkeeper","https://media.api-sports.io/football/players/2465.png","2026-05-25T12:16:16Z"
"26","Argentina","https://media.api-sports.io/football/teams/26.png","6716","A. Mac Allister","27","20","Midfielder","https://media.api-sports.io/football/players/6716.png","2026-05-25T12:16:16Z"
"26","Argentina","https://media.api-sports.io/football/teams/26.png","5996","E. Fernández","24","8","Midfielder","https://media.api-sports.io/football/players/5996.png","2026-05-25T12:16:16Z"
"26","Argentina","https://media.api-sports.io/football/teams/26.png","6002","E. Palacios","27","14","Midfielder","https://media.api-sports.io/football/players/6002.png","2026-05-25T12:16:16Z"
"26","Argentina","https://media.api-sports.io/football/teams/26.png","271","L. Paredes","31","5","Midfielder","https://media.api-sports.io/football/players/271.png","2026-05-25T12:16:16Z"
"26","Argentina","https://media.api-sports.io/football/teams/26.png","288699","M. Perrone","22","22","Midfielder","https://media.api-sports.io/football/players/288699.png","2026-05-25T12:16:16Z"
"26","Argentina","https://media.api-sports.io/football/teams/26.png","350037","N. Paz","21","18","Midfielder","https://media.api-sports.io/football/players/350037.png","2026-05-25T12:16:16Z"
"26","Argentina","https://media.api-sports.io/football/teams/26.png","2472","R. De Paul","31","7","Midfielder","https://media.api-sports.io/football/players/2472.png","2026-05-25T12:16:16Z"
"26","Argentina","https://media.api-sports.io/football/teams/26.png","319572","V. Barco","21","3","Midfielder","https://media.api-sports.io/football/players/319572.png","2026-05-25T12:16:16Z"
"20","Australia","https://media.api-sports.io/football/teams/20.png","2755","A. Mabil","30","10","Attacker","https://media.api-sports.io/football/players/2755.png","2026-05-25T12:16:16Z"
"20","Australia","https://media.api-sports.io/football/teams/20.png","316161","A. Šuto","25",,"Attacker","https://media.api-sports.io/football/players/316161.png","2026-05-25T12:16:16Z"
"20","Australia","https://media.api-sports.io/football/teams/20.png","6904","C. Metcalfe","26","8","Attacker","https://media.api-sports.io/football/players/6904.png","2026-05-25T12:16:16Z"
"20","Australia","https://media.api-sports.io/football/teams/20.png","14887","D. Jurić","28","19","Attacker","https://media.api-sports.io/football/players/14887.png","2026-05-25T12:16:16Z"
"20","Australia","https://media.api-sports.io/football/teams/20.png","44843","M. Boyle","32","6","Attacker","https://media.api-sports.io/football/players/44843.png","2026-05-25T12:16:16Z"
"20","Australia","https://media.api-sports.io/football/teams/20.png","338014","N. Irankunda","19","11","Attacker","https://media.api-sports.io/football/players/338014.png","2026-05-25T12:16:16Z"
"20","Australia","https://media.api-sports.io/football/teams/20.png","312459","N. Velupillay","24","7","Attacker","https://media.api-sports.io/football/players/312459.png","2026-05-25T12:16:16Z"
"20","Australia","https://media.api-sports.io/football/teams/20.png","225","A. Behich","35","16","Defender","https://media.api-sports.io/football/players/225.png","2026-05-25T12:16:16Z"
"20","Australia","https://media.api-sports.io/football/teams/20.png","348568","A. Circati","22","23","Defender","https://media.api-sports.io/football/players/348568.png","2026-05-25T12:16:16Z"
"20","Australia","https://media.api-sports.io/football/teams/20.png","20457","C. Burgess","30","21","Defender","https://media.api-sports.io/football/players/20457.png","2026-05-25T12:16:16Z"
"20","Australia","https://media.api-sports.io/football/teams/20.png","337587","J. Bos","23","5","Defender","https://media.api-sports.io/football/players/337587.png","2026-05-25T12:16:16Z"
"20","Australia","https://media.api-sports.io/football/teams/20.png","33847","J. Geria","32","22","Defender","https://media.api-sports.io/football/players/33847.png","2026-05-25T12:16:16Z"
"20","Australia","https://media.api-sports.io/football/teams/20.png","7038","K. Rowles","27","4","Defender","https://media.api-sports.io/football/players/7038.png","2026-05-25T12:16:16Z"
"20","Australia","https://media.api-sports.io/football/teams/20.png","426480","L. Herrington","18","13","Defender","https://media.api-sports.io/football/players/426480.png","2026-05-25T12:16:16Z"
"20","Australia","https://media.api-sports.io/football/teams/20.png","2741","M. Ryan","33","1","Goalkeeper","https://media.api-sports.io/football/players/2741.png","2026-05-25T12:16:16Z"
"20","Australia","https://media.api-sports.io/football/teams/20.png","353883","P. Beach","22","12","Goalkeeper","https://media.api-sports.io/football/players/353883.png","2026-05-25T12:16:16Z"
"20","Australia","https://media.api-sports.io/football/teams/20.png","6870","P. Izzo","30","12","Goalkeeper","https://media.api-sports.io/football/players/6870.png","2026-05-25T12:16:16Z"
"20","Australia","https://media.api-sports.io/football/teams/20.png","38123","A. Hrustić","29","10","Midfielder","https://media.api-sports.io/football/players/38123.png","2026-05-25T12:16:16Z"
"20","Australia","https://media.api-sports.io/football/teams/20.png","7050","A. O&apos;Neill","27","13","Midfielder","https://media.api-sports.io/football/players/7050.png","2026-05-25T12:16:16Z"
"20","Australia","https://media.api-sports.io/football/teams/20.png","288109","A. Robertson","22",,"Midfielder","https://media.api-sports.io/football/players/288109.png","2026-05-25T12:16:16Z"
"20","Australia","https://media.api-sports.io/football/teams/20.png","6808","J. Italiano","24","17","Midfielder","https://media.api-sports.io/football/players/6808.png","2026-05-25T12:16:16Z"
"20","Australia","https://media.api-sports.io/football/teams/20.png","153622","K. Trewin","24","7","Midfielder","https://media.api-sports.io/football/players/153622.png","2026-05-25T12:16:16Z"
"20","Australia","https://media.api-sports.io/football/teams/20.png","2742","M. Degenek","31","2","Midfielder","https://media.api-sports.io/football/players/2742.png","2026-05-25T12:16:16Z"
"20","Australia","https://media.api-sports.io/football/teams/20.png","269539","P. Yazbek","23","19","Midfielder","https://media.api-sports.io/football/players/269539.png","2026-05-25T12:16:16Z"
"20","Australia","https://media.api-sports.io/football/teams/20.png","441269","Paul Michael Junior Okon-Engstler","20","6","Midfielder","https://media.api-sports.io/football/players/441269.png","2026-05-25T12:16:16Z"
"20","Australia","https://media.api-sports.io/football/teams/20.png","6913","R. McGree","27","14","Midfielder","https://media.api-sports.io/football/players/6913.png","2026-05-25T12:16:16Z"
"775","Austria","https://media.api-sports.io/football/teams/775.png","18830","M. Arnautović","36","7","Attacker","https://media.api-sports.io/football/players/18830.png","2026-05-25T12:16:16Z"
"775","Austria","https://media.api-sports.io/football/teams/775.png","25297","M. Gregoritsch","31","11","Attacker","https://media.api-sports.io/football/players/25297.png","2026-05-25T12:16:16Z"
"775","Austria","https://media.api-sports.io/football/teams/775.png","7722","S. Kalajdzic","28","21","Attacker","https://media.api-sports.io/football/players/7722.png","2026-05-25T12:16:16Z"
"775","Austria","https://media.api-sports.io/football/teams/775.png","126640","D. Affengruber","24","20","Defender","https://media.api-sports.io/football/players/126640.png","2026-05-25T12:16:16Z"
"775","Austria","https://media.api-sports.io/football/teams/775.png","505","D. Alaba","33","8","Defender","https://media.api-sports.io/football/players/505.png","2026-05-25T12:16:16Z"
"775","Austria","https://media.api-sports.io/football/teams/775.png","25287","K. Danso","27","3","Defender","https://media.api-sports.io/football/players/25287.png","2026-05-25T12:16:16Z"
"775","Austria","https://media.api-sports.io/football/teams/775.png","25314","M. Friedl","27","2","Defender","https://media.api-sports.io/football/players/25314.png","2026-05-25T12:16:16Z"
"775","Austria","https://media.api-sports.io/football/teams/775.png","7090","M. Svoboda","27","3","Defender","https://media.api-sports.io/football/players/7090.png","2026-05-25T12:16:16Z"
"775","Austria","https://media.api-sports.io/football/teams/775.png","26240","P. Lienhart","29","15","Defender","https://media.api-sports.io/football/players/26240.png","2026-05-25T12:16:16Z"
"775","Austria","https://media.api-sports.io/football/teams/775.png","25915","P. Mwene","31","16","Defender","https://media.api-sports.io/football/players/25915.png","2026-05-25T12:16:16Z"
"775","Austria","https://media.api-sports.io/football/teams/775.png","711","S. Posch","28","5","Defender","https://media.api-sports.io/football/players/711.png","2026-05-25T12:16:16Z"
"775","Austria","https://media.api-sports.io/football/teams/775.png","7525","A. Schlager","29","1","Goalkeeper","https://media.api-sports.io/football/players/7525.png","2026-05-25T12:16:16Z"
"775","Austria","https://media.api-sports.io/football/teams/775.png","221605","F. Wiegele","24",,"Goalkeeper","https://media.api-sports.io/football/players/221605.png","2026-05-25T12:16:16Z"
"775","Austria","https://media.api-sports.io/football/teams/775.png","7598","P. Pentz","28","13","Goalkeeper","https://media.api-sports.io/football/players/7598.png","2026-05-25T12:16:16Z"
"775","Austria","https://media.api-sports.io/football/teams/775.png","7327","A. Prass","24","8","Midfielder","https://media.api-sports.io/football/players/7327.png","2026-05-25T12:16:16Z"
"775","Austria","https://media.api-sports.io/football/teams/775.png","715","C. Baumgartner","26","19","Midfielder","https://media.api-sports.io/football/players/715.png","2026-05-25T12:16:16Z"
"775","Austria","https://media.api-sports.io/football/teams/775.png","138935","C. Chukwuemeka","22","10","Midfielder","https://media.api-sports.io/football/players/138935.png","2026-05-25T12:16:16Z"
"775","Austria","https://media.api-sports.io/football/teams/775.png","719","F. Grillitsch","30","10","Midfielder","https://media.api-sports.io/football/players/719.png","2026-05-25T12:16:16Z"
"775","Austria","https://media.api-sports.io/football/teams/775.png","1157","K. Laimer","28","20","Midfielder","https://media.api-sports.io/football/players/1157.png","2026-05-25T12:16:16Z"
"775","Austria","https://media.api-sports.io/football/teams/775.png","1159","M. Sabitzer","31","9","Midfielder","https://media.api-sports.io/football/players/1159.png","2026-05-25T12:16:16Z"
"775","Austria","https://media.api-sports.io/football/teams/775.png","7328","N. Seiwald","24","6","Midfielder","https://media.api-sports.io/football/players/7328.png","2026-05-25T12:16:16Z"
"775","Austria","https://media.api-sports.io/football/teams/775.png","327895","P. Wanner","20","10","Midfielder","https://media.api-sports.io/football/players/327895.png","2026-05-25T12:16:16Z"
"775","Austria","https://media.api-sports.io/football/teams/775.png","126642","P. Wimmer","24","21","Midfielder","https://media.api-sports.io/football/players/126642.png","2026-05-25T12:16:16Z"
"775","Austria","https://media.api-sports.io/football/teams/775.png","7562","R. Schmid","25","18","Midfielder","https://media.api-sports.io/football/players/7562.png","2026-05-25T12:16:16Z"
"775","Austria","https://media.api-sports.io/football/teams/775.png","1095","X. Schlager","28","4","Midfielder","https://media.api-sports.io/football/players/1095.png","2026-05-25T12:16:16Z"
"1","Belgium","https://media.api-sports.io/football/teams/1.png","25458","D. Lukebakio","28","14","Attacker","https://media.api-sports.io/football/players/25458.png","2026-05-25T12:16:16Z"
"1","Belgium","https://media.api-sports.io/football/teams/1.png","1422","J. Doku","23","11","Attacker","https://media.api-sports.io/football/players/1422.png","2026-05-25T12:16:16Z"
"1","Belgium","https://media.api-sports.io/football/teams/1.png","340077","M. Fernandez-Pardo","20","7","Attacker","https://media.api-sports.io/football/players/340077.png","2026-05-25T12:16:16Z"
"1","Belgium","https://media.api-sports.io/football/teams/1.png","907","R. Lukaku","32","10","Attacker","https://media.api-sports.io/football/players/907.png","2026-05-25T12:16:16Z"
"1","Belgium","https://media.api-sports.io/football/teams/1.png","204043","A. Theate","25","3","Defender","https://media.api-sports.io/football/players/204043.png","2026-05-25T12:16:16Z"
"1","Belgium","https://media.api-sports.io/football/teams/1.png","69","B. Mechele","32","4","Defender","https://media.api-sports.io/football/players/69.png","2026-05-25T12:16:16Z"
"1","Belgium","https://media.api-sports.io/football/teams/1.png","375974","J. Seys","20","2","Defender","https://media.api-sports.io/football/players/375974.png","2026-05-25T12:16:16Z"
"1","Belgium","https://media.api-sports.io/football/teams/1.png","162141","K. De Winter","23","16","Defender","https://media.api-sports.io/football/players/162141.png","2026-05-25T12:16:16Z"
"1","Belgium","https://media.api-sports.io/football/teams/1.png","162007","M. De Cuyper","25","5","Defender","https://media.api-sports.io/football/players/162007.png","2026-05-25T12:16:16Z"
"1","Belgium","https://media.api-sports.io/football/teams/1.png","312964","N. Ngoy","22","17","Defender","https://media.api-sports.io/football/players/312964.png","2026-05-25T12:16:16Z"
"1","Belgium","https://media.api-sports.io/football/teams/1.png","2920","T. Castagne","30","21","Defender","https://media.api-sports.io/football/players/2920.png","2026-05-25T12:16:16Z"
"1","Belgium","https://media.api-sports.io/football/teams/1.png","264","T. Meunier","34","15","Defender","https://media.api-sports.io/football/players/264.png","2026-05-25T12:16:16Z"
"1","Belgium","https://media.api-sports.io/football/teams/1.png","304228","Z. Debast","22","2","Defender","https://media.api-sports.io/football/players/304228.png","2026-05-25T12:16:16Z"
"1","Belgium","https://media.api-sports.io/football/teams/1.png","340151","M. Penders","20","1","Goalkeeper","https://media.api-sports.io/football/players/340151.png","2026-05-25T12:16:16Z"
"1","Belgium","https://media.api-sports.io/football/teams/1.png","162511","S. Lammens","23","1","Goalkeeper","https://media.api-sports.io/football/players/162511.png","2026-05-25T12:16:16Z"
"1","Belgium","https://media.api-sports.io/football/teams/1.png","730","T. Courtois","33","1","Goalkeeper","https://media.api-sports.io/football/players/730.png","2026-05-25T12:16:16Z"
"1","Belgium","https://media.api-sports.io/football/teams/1.png","162714","A. Onana","24","18","Midfielder","https://media.api-sports.io/football/players/162714.png","2026-05-25T12:16:16Z"
"1","Belgium","https://media.api-sports.io/football/teams/1.png","1417","A. Saelemaekers","26","22","Midfielder","https://media.api-sports.io/football/players/1417.png","2026-05-25T12:16:16Z"
"1","Belgium","https://media.api-sports.io/football/teams/1.png","20","A. Witsel","36","6","Midfielder","https://media.api-sports.io/football/players/20.png","2026-05-25T12:16:16Z"
"1","Belgium","https://media.api-sports.io/football/teams/1.png","147859","C. De Ketelaere","24","17","Midfielder","https://media.api-sports.io/football/players/147859.png","2026-05-25T12:16:16Z"
"1","Belgium","https://media.api-sports.io/football/teams/1.png","335056","Diego Moreira","21","7","Midfielder","https://media.api-sports.io/football/players/335056.png","2026-05-25T12:16:16Z"
"1","Belgium","https://media.api-sports.io/football/teams/1.png","629","K. De Bruyne","34","7","Midfielder","https://media.api-sports.io/football/players/629.png","2026-05-25T12:16:16Z"
"1","Belgium","https://media.api-sports.io/football/teams/1.png","2120","N. Raskin","24","23","Midfielder","https://media.api-sports.io/football/players/2120.png","2026-05-25T12:16:16Z"
"1","Belgium","https://media.api-sports.io/football/teams/1.png","2926","Y. Tielemans","28","8","Midfielder","https://media.api-sports.io/football/players/2926.png","2026-05-25T12:16:16Z"
"1113","Bosnia & Herzegovina","https://media.api-sports.io/football/teams/1113.png","322101","A. Memić","24","15","Attacker","https://media.api-sports.io/football/players/322101.png","2026-05-25T12:16:16Z"
"1113","Bosnia & Herzegovina","https://media.api-sports.io/football/teams/1113.png","329409","E. Bajraktarevic","20","20","Attacker","https://media.api-sports.io/football/players/329409.png","2026-05-25T12:16:16Z"
"1113","Bosnia & Herzegovina","https://media.api-sports.io/football/teams/1113.png","46930","E. Demirović","27","10","Attacker","https://media.api-sports.io/football/players/46930.png","2026-05-25T12:16:16Z"
"1113","Bosnia & Herzegovina","https://media.api-sports.io/football/teams/1113.png","790","E. Džeko","39","11","Attacker","https://media.api-sports.io/football/players/790.png","2026-05-25T12:16:16Z"
"1113","Bosnia & Herzegovina","https://media.api-sports.io/football/teams/1113.png","28382","H. Tabaković","31","23","Attacker","https://media.api-sports.io/football/players/28382.png","2026-05-25T12:16:16Z"
"1113","Bosnia & Herzegovina","https://media.api-sports.io/football/teams/1113.png","77037","J. Lukić","27","19","Attacker","https://media.api-sports.io/football/players/77037.png","2026-05-25T12:16:16Z"
"1113","Bosnia & Herzegovina","https://media.api-sports.io/football/teams/1113.png","395559","Kerim-Sam Alajbegović","18","19","Attacker","https://media.api-sports.io/football/players/395559.png","2026-05-25T12:16:16Z"
"1113","Bosnia & Herzegovina","https://media.api-sports.io/football/teams/1113.png","314377","S. Baždar","21","9","Attacker","https://media.api-sports.io/football/players/314377.png","2026-05-25T12:16:16Z"
"1113","Bosnia & Herzegovina","https://media.api-sports.io/football/teams/1113.png","7318","A. Dedić","23","7","Defender","https://media.api-sports.io/football/players/7318.png","2026-05-25T12:16:16Z"
"1113","Bosnia & Herzegovina","https://media.api-sports.io/football/teams/1113.png","25129","D. Burnić","27","17","Defender","https://media.api-sports.io/football/players/25129.png","2026-05-25T12:16:16Z"
"1113","Bosnia & Herzegovina","https://media.api-sports.io/football/teams/1113.png","395589","N. Äelik","19","3","Defender","https://media.api-sports.io/football/players/395589.png","2026-05-25T12:16:16Z"
"1113","Bosnia & Herzegovina","https://media.api-sports.io/football/teams/1113.png","1741","N. Katić","29","18","Defender","https://media.api-sports.io/football/players/1741.png","2026-05-25T12:16:16Z"
"1113","Bosnia & Herzegovina","https://media.api-sports.io/football/teams/1113.png","76867","N. Mujakić","27","2","Defender","https://media.api-sports.io/football/players/76867.png","2026-05-25T12:16:16Z"
"1113","Bosnia & Herzegovina","https://media.api-sports.io/football/teams/1113.png","1442","S. Kolašinac","32","5","Defender","https://media.api-sports.io/football/players/1442.png","2026-05-25T12:16:16Z"
"1113","Bosnia & Herzegovina","https://media.api-sports.io/football/teams/1113.png","14301","S. Radeljić","28","21","Defender","https://media.api-sports.io/football/players/14301.png","2026-05-25T12:16:16Z"
"1113","Bosnia & Herzegovina","https://media.api-sports.io/football/teams/1113.png","271350","T. Muharemović","22","4","Defender","https://media.api-sports.io/football/players/271350.png","2026-05-25T12:16:16Z"
"1113","Bosnia & Herzegovina","https://media.api-sports.io/football/teams/1113.png","108370","M. Zlomislić","27","22","Goalkeeper","https://media.api-sports.io/football/players/108370.png","2026-05-25T12:16:16Z"
"1113","Bosnia & Herzegovina","https://media.api-sports.io/football/teams/1113.png","9026","N. Vasilj","30","1","Goalkeeper","https://media.api-sports.io/football/players/9026.png","2026-05-25T12:16:16Z"
"1113","Bosnia & Herzegovina","https://media.api-sports.io/football/teams/1113.png","70480","O. Hadžikić","29","12","Goalkeeper","https://media.api-sports.io/football/players/70480.png","2026-05-25T12:16:16Z"
"1113","Bosnia & Herzegovina","https://media.api-sports.io/football/teams/1113.png","70514","A. Gigović","23","8","Midfielder","https://media.api-sports.io/football/players/70514.png","2026-05-25T12:16:16Z"
"1113","Bosnia & Herzegovina","https://media.api-sports.io/football/teams/1113.png","50006","A. Hadžiahmetović","28","16","Midfielder","https://media.api-sports.io/football/players/50006.png","2026-05-25T12:16:16Z"
"1113","Bosnia & Herzegovina","https://media.api-sports.io/football/teams/1113.png","264094","B. Tahirović","22","6","Midfielder","https://media.api-sports.io/football/players/264094.png","2026-05-25T12:16:16Z"
"1113","Bosnia & Herzegovina","https://media.api-sports.io/football/teams/1113.png","340173","Ermin Mahmić","20","20","Midfielder","https://media.api-sports.io/football/players/340173.png","2026-05-25T12:16:16Z"
"1113","Bosnia & Herzegovina","https://media.api-sports.io/football/teams/1113.png","162222","I. Bašić","23","13","Midfielder","https://media.api-sports.io/football/players/162222.png","2026-05-25T12:16:16Z"
"1113","Bosnia & Herzegovina","https://media.api-sports.io/football/teams/1113.png","1324","I. Šunjić","29","14","Midfielder","https://media.api-sports.io/football/players/1324.png","2026-05-25T12:16:16Z"
"6","Brazil","https://media.api-sports.io/football/teams/6.png","377122","Endrick","19","19","Attacker","https://media.api-sports.io/football/players/377122.png","2026-05-25T12:16:16Z"
"6","Brazil","https://media.api-sports.io/football/teams/6.png","127769","Gabriel Martinelli","24","22","Attacker","https://media.api-sports.io/football/players/127769.png","2026-05-25T12:16:16Z"
"6","Brazil","https://media.api-sports.io/football/teams/6.png","265785","Luiz Henrique","24","19","Attacker","https://media.api-sports.io/football/players/265785.png","2026-05-25T12:16:16Z"
"6","Brazil","https://media.api-sports.io/football/teams/6.png","1165","Matheus Cunha","26","21","Attacker","https://media.api-sports.io/football/players/1165.png","2026-05-25T12:16:16Z"
"6","Brazil","https://media.api-sports.io/football/teams/6.png","276","Neymar","33","10","Attacker","https://media.api-sports.io/football/players/276.png","2026-05-25T12:16:16Z"
"6","Brazil","https://media.api-sports.io/football/teams/6.png","1496","Raphinha","29","10","Attacker","https://media.api-sports.io/football/players/1496.png","2026-05-25T12:16:16Z"
"6","Brazil","https://media.api-sports.io/football/teams/6.png","407806","Rayan","19","7","Attacker","https://media.api-sports.io/football/players/407806.png","2026-05-25T12:16:16Z"
"6","Brazil","https://media.api-sports.io/football/teams/6.png","196156","Thiago","24",,"Attacker","https://media.api-sports.io/football/players/196156.png","2026-05-25T12:16:16Z"
"6","Brazil","https://media.api-sports.io/football/teams/6.png","762","Vinícius Júnior","25","10","Attacker","https://media.api-sports.io/football/players/762.png","2026-05-25T12:16:16Z"
"6","Brazil","https://media.api-sports.io/football/teams/6.png","30497","Bremer","28","25","Defender","https://media.api-sports.io/football/players/30497.png","2026-05-25T12:16:16Z"
"6","Brazil","https://media.api-sports.io/football/teams/6.png","618","Danilo","34","2","Defender","https://media.api-sports.io/football/players/618.png","2026-05-25T12:16:16Z"
"6","Brazil","https://media.api-sports.io/football/teams/6.png","24866","Douglas Santos","31","6","Defender","https://media.api-sports.io/football/players/24866.png","2026-05-25T12:16:16Z"
"6","Brazil","https://media.api-sports.io/football/teams/6.png","22224","Gabriel Magalhães","28","3","Defender","https://media.api-sports.io/football/players/22224.png","2026-05-25T12:16:16Z"
"6","Brazil","https://media.api-sports.io/football/teams/6.png","30424","Ibañez","27","15","Defender","https://media.api-sports.io/football/players/30424.png","2026-05-25T12:16:16Z"
"6","Brazil","https://media.api-sports.io/football/teams/6.png","10124","Léo Pereira","29","15","Defender","https://media.api-sports.io/football/players/10124.png","2026-05-25T12:16:16Z"
"6","Brazil","https://media.api-sports.io/football/teams/6.png","257","Marquinhos","31","4","Defender","https://media.api-sports.io/football/players/257.png","2026-05-25T12:16:16Z"
"6","Brazil","https://media.api-sports.io/football/teams/6.png","349001","Wesley","22","2","Defender","https://media.api-sports.io/football/players/349001.png","2026-05-25T12:16:16Z"
"6","Brazil","https://media.api-sports.io/football/teams/6.png","280","Alisson Becker","33","1","Goalkeeper","https://media.api-sports.io/football/players/280.png","2026-05-25T12:16:16Z"
"6","Brazil","https://media.api-sports.io/football/teams/6.png","617","Ederson","32","23","Goalkeeper","https://media.api-sports.io/football/players/617.png","2026-05-25T12:16:16Z"
"6","Brazil","https://media.api-sports.io/football/teams/6.png","2410","Weverton","38","1","Goalkeeper","https://media.api-sports.io/football/players/2410.png","2026-05-25T12:16:16Z"
"6","Brazil","https://media.api-sports.io/football/teams/6.png","747","Casemiro","33","5","Midfielder","https://media.api-sports.io/football/players/747.png","2026-05-25T12:16:16Z"
"6","Brazil","https://media.api-sports.io/football/teams/6.png","275170","Danilo","24",,"Midfielder","https://media.api-sports.io/football/players/275170.png","2026-05-25T12:16:16Z"
"6","Brazil","https://media.api-sports.io/football/teams/6.png","299","Fabinho","32","15","Midfielder","https://media.api-sports.io/football/players/299.png","2026-05-25T12:16:16Z"
"5529","Canada","https://media.api-sports.io/football/teams/5529.png","146325","A. Pepple","23",,"Attacker","https://media.api-sports.io/football/players/146325.png","2026-05-25T12:16:16Z"
"5529","Canada","https://media.api-sports.io/football/teams/5529.png","2001","C. Larin","30","9","Attacker","https://media.api-sports.io/football/players/2001.png","2026-05-25T12:16:16Z"
"5529","Canada","https://media.api-sports.io/football/teams/5529.png","296458","D. Jebbison","22","11","Attacker","https://media.api-sports.io/football/players/296458.png","2026-05-25T12:16:16Z"
"5529","Canada","https://media.api-sports.io/football/teams/5529.png","8489","J. David","25","10","Attacker","https://media.api-sports.io/football/players/8489.png","2026-05-25T12:16:16Z"
"5529","Canada","https://media.api-sports.io/football/teams/5529.png","19007","J. Hoilett","35","10","Attacker","https://media.api-sports.io/football/players/19007.png","2026-05-25T12:16:16Z"
"5529","Canada","https://media.api-sports.io/football/teams/5529.png","193279","J. Nelson","23","25","Attacker","https://media.api-sports.io/football/players/193279.png","2026-05-25T12:16:16Z"
"5529","Canada","https://media.api-sports.io/football/teams/5529.png","203428","J. Russell-Rowe","23","12","Attacker","https://media.api-sports.io/football/players/203428.png","2026-05-25T12:16:16Z"
"5529","Canada","https://media.api-sports.io/football/teams/5529.png","50826","J. Shaffelburg","26","14","Attacker","https://media.api-sports.io/football/players/50826.png","2026-05-25T12:16:16Z"
"5529","Canada","https://media.api-sports.io/football/teams/5529.png","44798","L. Millar","26","23","Attacker","https://media.api-sports.io/football/players/44798.png","2026-05-25T12:16:16Z"
"5529","Canada","https://media.api-sports.io/football/teams/5529.png","541949","M. Aiyenero","17","9","Attacker","https://media.api-sports.io/football/players/541949.png","2026-05-25T12:16:16Z"
"5529","Canada","https://media.api-sports.io/football/teams/5529.png","313353","P. David","24","24","Attacker","https://media.api-sports.io/football/players/313353.png","2026-05-25T12:16:16Z"
"5529","Canada","https://media.api-sports.io/football/teams/5529.png","51293","T. Bair","26","11","Attacker","https://media.api-sports.io/football/players/51293.png","2026-05-25T12:16:16Z"
"5529","Canada","https://media.api-sports.io/football/teams/5529.png","370938","T. Coimbra","21","19","Attacker","https://media.api-sports.io/football/players/370938.png","2026-05-25T12:16:16Z"
"5529","Canada","https://media.api-sports.io/football/teams/5529.png","351587","T. Oluwaseyi","25","12","Attacker","https://media.api-sports.io/football/players/351587.png","2026-05-25T12:16:16Z"
"5529","Canada","https://media.api-sports.io/football/teams/5529.png","51295","D. Cornelius","28","13","Defender","https://media.api-sports.io/football/players/51295.png","2026-05-25T12:16:16Z"
"5529","Canada","https://media.api-sports.io/football/teams/5529.png","201707","J. Marshall-Rutty","21",,"Defender","https://media.api-sports.io/football/players/201707.png","2026-05-25T12:16:16Z"
"5529","Canada","https://media.api-sports.io/football/teams/5529.png","78494","J. Waterman","29","5","Defender","https://media.api-sports.io/football/players/78494.png","2026-05-25T12:16:16Z"
"5529","Canada","https://media.api-sports.io/football/teams/5529.png","50925","K. Miller","28","4","Defender","https://media.api-sports.io/football/players/50925.png","2026-05-25T12:16:16Z"
"5529","Canada","https://media.api-sports.io/football/teams/5529.png","327738","L. De Fougerolles","20","15","Defender","https://media.api-sports.io/football/players/327738.png","2026-05-25T12:16:16Z"
"5529","Canada","https://media.api-sports.io/football/teams/5529.png","370936","N. Abatneh","21","2","Defender","https://media.api-sports.io/football/players/370936.png","2026-05-25T12:16:16Z"
"5529","Canada","https://media.api-sports.io/football/teams/5529.png","50816","R. Laryea","30","22","Defender","https://media.api-sports.io/football/players/50816.png","2026-05-25T12:16:16Z"
"5529","Canada","https://media.api-sports.io/football/teams/5529.png","8660","Z. Bassong","26","3","Defender","https://media.api-sports.io/football/players/8660.png","2026-05-25T12:16:16Z"
"5529","Canada","https://media.api-sports.io/football/teams/5529.png","51148","D. St. Clair","28","1","Goalkeeper","https://media.api-sports.io/football/players/51148.png","2026-05-25T12:16:16Z"
"5529","Canada","https://media.api-sports.io/football/teams/5529.png","50778","J. Pantemis","28","16","Goalkeeper","https://media.api-sports.io/football/players/50778.png","2026-05-25T12:16:16Z"
"5529","Canada","https://media.api-sports.io/football/teams/5529.png","351582","L. Gavran","25",,"Goalkeeper","https://media.api-sports.io/football/players/351582.png","2026-05-25T12:16:16Z"
"5529","Canada","https://media.api-sports.io/football/teams/5529.png","51274","M. Crépeau","31","16","Goalkeeper","https://media.api-sports.io/football/players/51274.png","2026-05-25T12:16:16Z"
"5529","Canada","https://media.api-sports.io/football/teams/5529.png","284554","O. Goodman","22","1","Goalkeeper","https://media.api-sports.io/football/players/284554.png","2026-05-25T12:16:16Z"
"5529","Canada","https://media.api-sports.io/football/teams/5529.png","362145","A. Ahmed","25","20","Midfielder","https://media.api-sports.io/football/players/362145.png","2026-05-25T12:16:16Z"
"5529","Canada","https://media.api-sports.io/football/teams/5529.png","328046","I. Koné","23","8","Midfielder","https://media.api-sports.io/football/players/328046.png","2026-05-25T12:16:16Z"
"5529","Canada","https://media.api-sports.io/football/teams/5529.png","50817","J. Osorio","33","21","Midfielder","https://media.api-sports.io/football/players/50817.png","2026-05-25T12:16:16Z"
"5529","Canada","https://media.api-sports.io/football/teams/5529.png","50788","M. Choinière","26","6","Midfielder","https://media.api-sports.io/football/players/50788.png","2026-05-25T12:16:16Z"
"5529","Canada","https://media.api-sports.io/football/teams/5529.png","269936","M. de Brienne","23",,"Midfielder","https://media.api-sports.io/football/players/269936.png","2026-05-25T12:16:16Z"
"5529","Canada","https://media.api-sports.io/football/teams/5529.png","284061","M. Flores","22","18","Midfielder","https://media.api-sports.io/football/players/284061.png","2026-05-25T12:16:16Z"
"5529","Canada","https://media.api-sports.io/football/teams/5529.png","512956","Malik Henry","23",,"Midfielder","https://media.api-sports.io/football/players/512956.png","2026-05-25T12:16:16Z"
"5529","Canada","https://media.api-sports.io/football/teams/5529.png","294824","N. Saliba","21","19","Midfielder","https://media.api-sports.io/football/players/294824.png","2026-05-25T12:16:16Z"
"5529","Canada","https://media.api-sports.io/football/teams/5529.png","416901","N. Sigur","22","23","Midfielder","https://media.api-sports.io/football/players/416901.png","2026-05-25T12:16:16Z"
"5529","Canada","https://media.api-sports.io/football/teams/5529.png","203436","R. Priso","23","8","Midfielder","https://media.api-sports.io/football/players/203436.png","2026-05-25T12:16:16Z"
"5529","Canada","https://media.api-sports.io/football/teams/5529.png","35570","S. Eustáquio","29","7","Midfielder","https://media.api-sports.io/football/players/35570.png","2026-05-25T12:16:16Z"
"5529","Canada","https://media.api-sports.io/football/teams/5529.png","51016","T. Buchanan","26","17","Midfielder","https://media.api-sports.io/football/players/51016.png","2026-05-25T12:16:16Z"
"1533","Cape Verde Islands","https://media.api-sports.io/football/teams/1533.png","343287","D. Livramento","24","9","Attacker","https://media.api-sports.io/football/players/343287.png","2026-05-25T12:16:16Z"
"1533","Cape Verde Islands","https://media.api-sports.io/football/teams/1533.png","44612","Garry Rodrigues","35","11","Attacker","https://media.api-sports.io/football/players/44612.png","2026-05-25T12:16:16Z"
"1533","Cape Verde Islands","https://media.api-sports.io/football/teams/1533.png","309182","Gilson Benchimol","24","9","Attacker","https://media.api-sports.io/football/players/309182.png","2026-05-25T12:16:16Z"
"1533","Cape Verde Islands","https://media.api-sports.io/football/teams/1533.png","291024","Hélio Varela","23","19","Attacker","https://media.api-sports.io/football/players/291024.png","2026-05-25T12:16:16Z"
"1533","Cape Verde Islands","https://media.api-sports.io/football/teams/1533.png","1494","Jovane Cabral","27","7","Attacker","https://media.api-sports.io/football/players/1494.png","2026-05-25T12:16:16Z"
"1533","Cape Verde Islands","https://media.api-sports.io/football/teams/1533.png","22265","Nuno da Costa","34","21","Attacker","https://media.api-sports.io/football/players/22265.png","2026-05-25T12:16:16Z"
"1533","Cape Verde Islands","https://media.api-sports.io/football/teams/1533.png","50270","Ryan Mendes","36","20","Attacker","https://media.api-sports.io/football/players/50270.png","2026-05-25T12:16:16Z"
"1533","Cape Verde Islands","https://media.api-sports.io/football/teams/1533.png","113580","Willy Semedo","31","17","Attacker","https://media.api-sports.io/football/players/113580.png","2026-05-25T12:16:16Z"
"1533","Cape Verde Islands","https://media.api-sports.io/football/teams/1533.png","41608","Diney Borges","30","3","Defender","https://media.api-sports.io/football/players/41608.png","2026-05-25T12:16:16Z"
"1533","Cape Verde Islands","https://media.api-sports.io/football/teams/1533.png","268806","Kelvin Pires","25","13","Defender","https://media.api-sports.io/football/players/268806.png","2026-05-25T12:16:16Z"
"1533","Cape Verde Islands","https://media.api-sports.io/football/teams/1533.png","21997","Logan Costa","24","5","Defender","https://media.api-sports.io/football/players/21997.png","2026-05-25T12:16:16Z"
"1533","Cape Verde Islands","https://media.api-sports.io/football/teams/1533.png","69260","Pico","33","4","Defender","https://media.api-sports.io/football/players/69260.png","2026-05-25T12:16:16Z"
"1533","Cape Verde Islands","https://media.api-sports.io/football/teams/1533.png","308689","S. Lopes Cabral","23","13","Defender","https://media.api-sports.io/football/players/308689.png","2026-05-25T12:16:16Z"
"1533","Cape Verde Islands","https://media.api-sports.io/football/teams/1533.png","22139","S. Moreira","31","22","Defender","https://media.api-sports.io/football/players/22139.png","2026-05-25T12:16:16Z"
"1533","Cape Verde Islands","https://media.api-sports.io/football/teams/1533.png","2331","Stopira","37","2","Defender","https://media.api-sports.io/football/players/2331.png","2026-05-25T12:16:16Z"
"1533","Cape Verde Islands","https://media.api-sports.io/football/teams/1533.png","332056","Wagner Pina","23","7","Defender","https://media.api-sports.io/football/players/332056.png","2026-05-25T12:16:16Z"
"1533","Cape Verde Islands","https://media.api-sports.io/football/teams/1533.png","163200","C. dos Santos","25","21","Goalkeeper","https://media.api-sports.io/football/players/163200.png","2026-05-25T12:16:16Z"
"1533","Cape Verde Islands","https://media.api-sports.io/football/teams/1533.png","41764","Márcio Rosa","28","12","Goalkeeper","https://media.api-sports.io/football/players/41764.png","2026-05-25T12:16:16Z"
"1533","Cape Verde Islands","https://media.api-sports.io/football/teams/1533.png","15304","Vózinha","39","1","Goalkeeper","https://media.api-sports.io/football/players/15304.png","2026-05-25T12:16:16Z"
"1533","Cape Verde Islands","https://media.api-sports.io/football/teams/1533.png","37435","Deroy Duarte","26","14","Midfielder","https://media.api-sports.io/football/players/37435.png","2026-05-25T12:16:16Z"
"1533","Cape Verde Islands","https://media.api-sports.io/football/teams/1533.png","50745","Jamiro Monteiro","32","10","Midfielder","https://media.api-sports.io/football/players/50745.png","2026-05-25T12:16:16Z"
"1533","Cape Verde Islands","https://media.api-sports.io/football/teams/1533.png","142016","João Paulo","27","8","Midfielder","https://media.api-sports.io/football/players/142016.png","2026-05-25T12:16:16Z"
"1533","Cape Verde Islands","https://media.api-sports.io/football/teams/1533.png","96512","Kevin Pina","28","6","Midfielder","https://media.api-sports.io/football/players/96512.png","2026-05-25T12:16:16Z"
"1533","Cape Verde Islands","https://media.api-sports.io/football/teams/1533.png","37436","L. Duarte","28","15","Midfielder","https://media.api-sports.io/football/players/37436.png","2026-05-25T12:16:16Z"
"1533","Cape Verde Islands","https://media.api-sports.io/football/teams/1533.png","265556","Telmo Arcanjo","24","18","Midfielder","https://media.api-sports.io/football/players/265556.png","2026-05-25T12:16:16Z"
"1533","Cape Verde Islands","https://media.api-sports.io/football/teams/1533.png","128007","Yannick Semedo","30","16","Midfielder","https://media.api-sports.io/football/players/128007.png","2026-05-25T12:16:16Z"
"8","Colombia","https://media.api-sports.io/football/teams/8.png","345748","A. Gómez","23","18","Attacker","https://media.api-sports.io/football/players/345748.png","2026-05-25T12:16:16Z"
"8","Colombia","https://media.api-sports.io/football/teams/8.png","13708","J. Arias","28","11","Attacker","https://media.api-sports.io/football/players/13708.png","2026-05-25T12:16:16Z"
"8","Colombia","https://media.api-sports.io/football/teams/8.png","13376","J. Campaz","25","21","Attacker","https://media.api-sports.io/football/players/13376.png","2026-05-25T12:16:16Z"
"8","Colombia","https://media.api-sports.io/football/teams/8.png","13691","J. Carbonero","26","21","Attacker","https://media.api-sports.io/football/players/13691.png","2026-05-25T12:16:16Z"
"8","Colombia","https://media.api-sports.io/football/teams/8.png","5994","J. Carrascal","27","8","Attacker","https://media.api-sports.io/football/players/5994.png","2026-05-25T12:16:16Z"
"8","Colombia","https://media.api-sports.io/football/teams/8.png","24810","J. Córdoba","32","9","Attacker","https://media.api-sports.io/football/players/24810.png","2026-05-25T12:16:16Z"
"8","Colombia","https://media.api-sports.io/football/teams/8.png","2489","L. Díaz","28","7","Attacker","https://media.api-sports.io/football/players/2489.png","2026-05-25T12:16:16Z"
"8","Colombia","https://media.api-sports.io/football/teams/8.png","47237","L. Suárez","28","19","Attacker","https://media.api-sports.io/football/players/47237.png","2026-05-25T12:16:16Z"
"8","Colombia","https://media.api-sports.io/football/teams/8.png","6011","R. Borré","30","19","Attacker","https://media.api-sports.io/football/players/6011.png","2026-05-25T12:16:16Z"
"8","Colombia","https://media.api-sports.io/football/teams/8.png","2483","D. Machado","32","4","Defender","https://media.api-sports.io/football/players/2483.png","2026-05-25T12:16:16Z"
"8","Colombia","https://media.api-sports.io/football/teams/8.png","13736","D. Muñoz","29","2","Defender","https://media.api-sports.io/football/players/13736.png","2026-05-25T12:16:16Z"
"8","Colombia","https://media.api-sports.io/football/teams/8.png","168","D. Sánchez","29","23","Defender","https://media.api-sports.io/football/players/168.png","2026-05-25T12:16:16Z"
"8","Colombia","https://media.api-sports.io/football/teams/8.png","125674","J. Cabal","24","2","Defender","https://media.api-sports.io/football/players/125674.png","2026-05-25T12:16:16Z"
"8","Colombia","https://media.api-sports.io/football/teams/8.png","1929","J. Lucumí","27","3","Defender","https://media.api-sports.io/football/players/1929.png","2026-05-25T12:16:16Z"
"8","Colombia","https://media.api-sports.io/football/teams/8.png","64268","J. Mojica","33","14","Defender","https://media.api-sports.io/football/players/64268.png","2026-05-25T12:16:16Z"
"8","Colombia","https://media.api-sports.io/football/teams/8.png","30","S. Arias","33","4","Defender","https://media.api-sports.io/football/players/30.png","2026-05-25T12:16:16Z"
"8","Colombia","https://media.api-sports.io/football/teams/8.png","2484","Y. Mina","31","13","Defender","https://media.api-sports.io/football/players/2484.png","2026-05-25T12:16:16Z"
"8","Colombia","https://media.api-sports.io/football/teams/8.png","2481","Á. Montero","30","22","Goalkeeper","https://media.api-sports.io/football/players/2481.png","2026-05-25T12:16:16Z"
"8","Colombia","https://media.api-sports.io/football/teams/8.png","2482","C. Vargas","36","12","Goalkeeper","https://media.api-sports.io/football/players/2482.png","2026-05-25T12:16:16Z"
"8","Colombia","https://media.api-sports.io/football/teams/8.png","313","D. Ospina","37","1","Goalkeeper","https://media.api-sports.io/football/players/313.png","2026-05-25T12:16:16Z"
"8","Colombia","https://media.api-sports.io/football/teams/8.png","324034","G. Puerta","22","20","Midfielder","https://media.api-sports.io/football/players/324034.png","2026-05-25T12:16:16Z"
"8","Colombia","https://media.api-sports.io/football/teams/8.png","2490","J. Lerma","31","16","Midfielder","https://media.api-sports.io/football/players/2490.png","2026-05-25T12:16:16Z"
"8","Colombia","https://media.api-sports.io/football/teams/8.png","6005","J. Quintero","32","20","Midfielder","https://media.api-sports.io/football/players/6005.png","2026-05-25T12:16:16Z"
"8","Colombia","https://media.api-sports.io/football/teams/8.png","517","J. Rodríguez","34","10","Midfielder","https://media.api-sports.io/football/players/517.png","2026-05-25T12:16:16Z"
"8","Colombia","https://media.api-sports.io/football/teams/8.png","289592","K. Castaño","25","5","Midfielder","https://media.api-sports.io/football/players/289592.png","2026-05-25T12:16:16Z"
"8","Colombia","https://media.api-sports.io/football/teams/8.png","195104","R. Rios","25","6","Midfielder","https://media.api-sports.io/football/players/195104.png","2026-05-25T12:16:16Z"
"8","Colombia","https://media.api-sports.io/football/teams/8.png","195717","Y. Mosquera","24","2","Midfielder","https://media.api-sports.io/football/players/195717.png","2026-05-25T12:16:16Z"
"1508","Congo DR","https://media.api-sports.io/football/teams/1508.png","3033","C. Bakambu","34","17","Attacker","https://media.api-sports.io/football/players/3033.png","2026-05-25T12:16:16Z"
"1508","Congo DR","https://media.api-sports.io/football/teams/1508.png","179699","F. Mayele","31","19","Attacker","https://media.api-sports.io/football/players/179699.png","2026-05-25T12:16:16Z"
"1508","Congo DR","https://media.api-sports.io/football/teams/1508.png","3034","M. Elia","28","13","Attacker","https://media.api-sports.io/football/players/3034.png","2026-05-25T12:16:16Z"
"1508","Congo DR","https://media.api-sports.io/football/teams/1508.png","129670","N. Mbuku","23","7","Attacker","https://media.api-sports.io/football/players/129670.png","2026-05-25T12:16:16Z"
"1508","Congo DR","https://media.api-sports.io/football/teams/1508.png","20674","S. Banza","29","23","Attacker","https://media.api-sports.io/football/players/20674.png","2026-05-25T12:16:16Z"
"1508","Congo DR","https://media.api-sports.io/football/teams/1508.png","8627","T. Bongonda","30","10","Attacker","https://media.api-sports.io/football/players/8627.png","2026-05-25T12:16:16Z"
"1508","Congo DR","https://media.api-sports.io/football/teams/1508.png","20649","Y. Wissa","29","20","Attacker","https://media.api-sports.io/football/players/20649.png","2026-05-25T12:16:16Z"
"1508","Congo DR","https://media.api-sports.io/football/teams/1508.png","18816","A. Masuaku","32","11","Defender","https://media.api-sports.io/football/players/18816.png","2026-05-25T12:16:16Z"
"1508","Congo DR","https://media.api-sports.io/football/teams/1508.png","19182","A. Tuanzebe","28","4","Defender","https://media.api-sports.io/football/players/19182.png","2026-05-25T12:16:16Z"
"1508","Congo DR","https://media.api-sports.io/football/teams/1508.png","18846","A. Wan-Bissaka","28","2","Defender","https://media.api-sports.io/football/players/18846.png","2026-05-25T12:16:16Z"
"1508","Congo DR","https://media.api-sports.io/football/teams/1508.png","375","C. Mbemba","31","22","Defender","https://media.api-sports.io/football/players/375.png","2026-05-25T12:16:16Z"
"1508","Congo DR","https://media.api-sports.io/football/teams/1508.png","8445","D. Batubinsika","29","5","Defender","https://media.api-sports.io/football/players/8445.png","2026-05-25T12:16:16Z"
"1508","Congo DR","https://media.api-sports.io/football/teams/1508.png","24245","G. Kalulu","28","24","Defender","https://media.api-sports.io/football/players/24245.png","2026-05-25T12:16:16Z"
"1508","Congo DR","https://media.api-sports.io/football/teams/1508.png","21098","J. Kayembe","31","12","Defender","https://media.api-sports.io/football/players/21098.png","2026-05-25T12:16:16Z"
"1508","Congo DR","https://media.api-sports.io/football/teams/1508.png","8634","R. Bushiri","26","15","Defender","https://media.api-sports.io/football/players/8634.png","2026-05-25T12:16:16Z"
"1508","Congo DR","https://media.api-sports.io/football/teams/1508.png","199767","S. Kapuadi","27","3","Defender","https://media.api-sports.io/football/players/199767.png","2026-05-25T12:16:16Z"
"1508","Congo DR","https://media.api-sports.io/football/teams/1508.png","24012","L. Mpasi","31","1","Goalkeeper","https://media.api-sports.io/football/players/24012.png","2026-05-25T12:16:16Z"
"1508","Congo DR","https://media.api-sports.io/football/teams/1508.png","314509","M. Epolo","20","21","Goalkeeper","https://media.api-sports.io/football/players/314509.png","2026-05-25T12:16:16Z"
"1508","Congo DR","https://media.api-sports.io/football/teams/1508.png","48501","T. Fayulu","26","16","Goalkeeper","https://media.api-sports.io/football/players/48501.png","2026-05-25T12:16:16Z"
"1508","Congo DR","https://media.api-sports.io/football/teams/1508.png","279482","B. Cipenga","27","9","Midfielder","https://media.api-sports.io/football/players/279482.png","2026-05-25T12:16:16Z"
"1508","Congo DR","https://media.api-sports.io/football/teams/1508.png","48555","C. Pickel","28","18","Midfielder","https://media.api-sports.io/football/players/48555.png","2026-05-25T12:16:16Z"
"1508","Congo DR","https://media.api-sports.io/football/teams/1508.png","1424","E. Kayembe","27","5","Midfielder","https://media.api-sports.io/football/players/1424.png","2026-05-25T12:16:16Z"
"1508","Congo DR","https://media.api-sports.io/football/teams/1508.png","47545","G. Kakuta","34","11","Midfielder","https://media.api-sports.io/football/players/47545.png","2026-05-25T12:16:16Z"
"1508","Congo DR","https://media.api-sports.io/football/teams/1508.png","375598","N. Mukau","21","6","Midfielder","https://media.api-sports.io/football/players/375598.png","2026-05-25T12:16:16Z"
"1508","Congo DR","https://media.api-sports.io/football/teams/1508.png","365331","N. Sadiki","21","14","Midfielder","https://media.api-sports.io/football/players/365331.png","2026-05-25T12:16:16Z"
"1508","Congo DR","https://media.api-sports.io/football/teams/1508.png","21101","S. Moutoussamy","29","8","Midfielder","https://media.api-sports.io/football/players/21101.png","2026-05-25T12:16:16Z"
"3","Croatia","https://media.api-sports.io/football/teams/3.png","46746","A. Budimir","34","11","Attacker","https://media.api-sports.io/football/players/46746.png","2026-05-25T12:16:16Z"
"3","Croatia","https://media.api-sports.io/football/teams/3.png","726","A. Kramarić","34","9","Attacker","https://media.api-sports.io/football/players/726.png","2026-05-25T12:16:16Z"
"3","Croatia","https://media.api-sports.io/football/teams/3.png","202696","I. Matanović","22","21","Attacker","https://media.api-sports.io/football/players/202696.png","2026-05-25T12:16:16Z"
"3","Croatia","https://media.api-sports.io/football/teams/3.png","207","I. Perišić","36","14","Attacker","https://media.api-sports.io/football/players/207.png","2026-05-25T12:16:16Z"
"3","Croatia","https://media.api-sports.io/football/teams/3.png","260865","M. Pašalić","25","7","Attacker","https://media.api-sports.io/football/players/260865.png","2026-05-25T12:16:16Z"
"3","Croatia","https://media.api-sports.io/football/teams/3.png","66055","P. Musa","27","11","Attacker","https://media.api-sports.io/football/players/66055.png","2026-05-25T12:16:16Z"
"3","Croatia","https://media.api-sports.io/football/teams/3.png","1902","D. Ćaleta-Car","29","5","Defender","https://media.api-sports.io/football/players/1902.png","2026-05-25T12:16:16Z"
"3","Croatia","https://media.api-sports.io/football/teams/3.png","129033","J. Gvardiol","23","4","Defender","https://media.api-sports.io/football/players/129033.png","2026-05-25T12:16:16Z"
"3","Croatia","https://media.api-sports.io/football/teams/3.png","125171","J. Stanišić","25","2","Defender","https://media.api-sports.io/football/players/125171.png","2026-05-25T12:16:16Z"
"3","Croatia","https://media.api-sports.io/football/teams/3.png","14701","J. Šutalo","25","6","Defender","https://media.api-sports.io/football/players/14701.png","2026-05-25T12:16:16Z"
"3","Croatia","https://media.api-sports.io/football/teams/3.png","387521","L. Vušković","18","4","Defender","https://media.api-sports.io/football/players/387521.png","2026-05-25T12:16:16Z"
"3","Croatia","https://media.api-sports.io/football/teams/3.png","30827","M. Erlić","27","22","Defender","https://media.api-sports.io/football/players/30827.png","2026-05-25T12:16:16Z"
"3","Croatia","https://media.api-sports.io/football/teams/3.png","1084","M. Pongračić","28","3","Defender","https://media.api-sports.io/football/players/1084.png","2026-05-25T12:16:16Z"
"3","Croatia","https://media.api-sports.io/football/teams/3.png","524","D. Kotarski","25","12","Goalkeeper","https://media.api-sports.io/football/players/524.png","2026-05-25T12:16:16Z"
"3","Croatia","https://media.api-sports.io/football/teams/3.png","1305","D. Livaković","31","1","Goalkeeper","https://media.api-sports.io/football/players/1305.png","2026-05-25T12:16:16Z"
"3","Croatia","https://media.api-sports.io/football/teams/3.png","14268","I. Pandur","25","12","Goalkeeper","https://media.api-sports.io/football/players/14268.png","2026-05-25T12:16:16Z"
"3","Croatia","https://media.api-sports.io/football/teams/3.png","14395","K. Jakić","28","18","Midfielder","https://media.api-sports.io/football/players/14395.png","2026-05-25T12:16:16Z"
"3","Croatia","https://media.api-sports.io/football/teams/3.png","754","L. Modrić","40","10","Midfielder","https://media.api-sports.io/football/players/754.png","2026-05-25T12:16:16Z"
"3","Croatia","https://media.api-sports.io/football/teams/3.png","7332","L. Sučić","23","21","Midfielder","https://media.api-sports.io/football/players/7332.png","2026-05-25T12:16:16Z"
"3","Croatia","https://media.api-sports.io/football/teams/3.png","295026","M. Baturina","22","16","Midfielder","https://media.api-sports.io/football/players/295026.png","2026-05-25T12:16:16Z"
"3","Croatia","https://media.api-sports.io/football/teams/3.png","2291","M. Kovačić","31","8","Midfielder","https://media.api-sports.io/football/players/2291.png","2026-05-25T12:16:16Z"
"3","Croatia","https://media.api-sports.io/football/teams/3.png","2763","M. Pašalić","30","15","Midfielder","https://media.api-sports.io/football/players/2763.png","2026-05-25T12:16:16Z"
"3","Croatia","https://media.api-sports.io/football/teams/3.png","1322","N. Moro","27","8","Midfielder","https://media.api-sports.io/football/players/1322.png","2026-05-25T12:16:16Z"
"3","Croatia","https://media.api-sports.io/football/teams/3.png","842","N. Vlašić","28","13","Midfielder","https://media.api-sports.io/football/players/842.png","2026-05-25T12:16:16Z"
"3","Croatia","https://media.api-sports.io/football/teams/3.png","348205","P. Sučić","22","17","Midfielder","https://media.api-sports.io/football/players/348205.png","2026-05-25T12:16:16Z"
"3","Croatia","https://media.api-sports.io/football/teams/3.png","284869","T. Fruk","24","19","Midfielder","https://media.api-sports.io/football/players/284869.png","2026-05-25T12:16:16Z"
"5530","Curaçao","https://media.api-sports.io/football/teams/5530.png","38708","G. Kastaneer","29","9","Attacker","https://media.api-sports.io/football/players/38708.png","2026-05-25T12:16:16Z"
"5530","Curaçao","https://media.api-sports.io/football/teams/5530.png","163220","J. Antonisse","23","11","Attacker","https://media.api-sports.io/football/players/163220.png","2026-05-25T12:16:16Z"
"5530","Curaçao","https://media.api-sports.io/football/teams/5530.png","19047","J. Bacuna","28","7","Attacker","https://media.api-sports.io/football/players/19047.png","2026-05-25T12:16:16Z"
"5530","Curaçao","https://media.api-sports.io/football/teams/5530.png","18981","J. Locadia","32","9","Attacker","https://media.api-sports.io/football/players/18981.png","2026-05-25T12:16:16Z"
"5530","Curaçao","https://media.api-sports.io/football/teams/5530.png","195067","J. Margaritha","25","16","Attacker","https://media.api-sports.io/football/players/195067.png","2026-05-25T12:16:16Z"
"5530","Curaçao","https://media.api-sports.io/football/teams/5530.png","41627","K. Gorré","31","14","Attacker","https://media.api-sports.io/football/players/41627.png","2026-05-25T12:16:16Z"
"5530","Curaçao","https://media.api-sports.io/football/teams/5530.png","161884","S. Hansen","23","12","Attacker","https://media.api-sports.io/football/players/161884.png","2026-05-25T12:16:16Z"
"5530","Curaçao","https://media.api-sports.io/football/teams/5530.png","906","T. Chong","26","14","Attacker","https://media.api-sports.io/football/players/906.png","2026-05-25T12:16:16Z"
"5530","Curaçao","https://media.api-sports.io/football/teams/5530.png","162199","A. Martha","22","15","Defender","https://media.api-sports.io/football/players/162199.png","2026-05-25T12:16:16Z"
"5530","Curaçao","https://media.api-sports.io/football/teams/5530.png","353808","Deveron Fonville","22","13","Defender","https://media.api-sports.io/football/players/353808.png","2026-05-25T12:16:16Z"
"5530","Curaçao","https://media.api-sports.io/football/teams/5530.png","706","J. Brenet","31","20","Defender","https://media.api-sports.io/football/players/706.png","2026-05-25T12:16:16Z"
"5530","Curaçao","https://media.api-sports.io/football/teams/5530.png","36857","J. Gaari","32","3","Defender","https://media.api-sports.io/football/players/36857.png","2026-05-25T12:16:16Z"
"5530","Curaçao","https://media.api-sports.io/football/teams/5530.png","18997","L. Bacuna","34","10","Defender","https://media.api-sports.io/football/players/18997.png","2026-05-25T12:16:16Z"
"5530","Curaçao","https://media.api-sports.io/football/teams/5530.png","37175","R. Bazoer","29","24","Defender","https://media.api-sports.io/football/players/37175.png","2026-05-25T12:16:16Z"
"5530","Curaçao","https://media.api-sports.io/football/teams/5530.png","37066","R. van Eijma","27","4","Defender","https://media.api-sports.io/football/players/37066.png","2026-05-25T12:16:16Z"
"5530","Curaçao","https://media.api-sports.io/football/teams/5530.png","36970","S. Floranus","27","5","Defender","https://media.api-sports.io/football/players/36970.png","2026-05-25T12:16:16Z"
"5530","Curaçao","https://media.api-sports.io/football/teams/5530.png","194645","S. Sambo","24","2","Defender","https://media.api-sports.io/football/players/194645.png","2026-05-25T12:16:16Z"
"5530","Curaçao","https://media.api-sports.io/football/teams/5530.png","406846","T. Noslin","23","17","Defender","https://media.api-sports.io/football/players/406846.png","2026-05-25T12:16:16Z"
"5530","Curaçao","https://media.api-sports.io/football/teams/5530.png","221","E. Room","36","1","Goalkeeper","https://media.api-sports.io/football/players/221.png","2026-05-25T12:16:16Z"
"5530","Curaçao","https://media.api-sports.io/football/teams/5530.png","214129","T. Bodak","23","22","Goalkeeper","https://media.api-sports.io/football/players/214129.png","2026-05-25T12:16:16Z"
"5530","Curaçao","https://media.api-sports.io/football/teams/5530.png","36967","T. Doornbusch","26","23","Goalkeeper","https://media.api-sports.io/football/players/36967.png","2026-05-25T12:16:16Z"
"5530","Curaçao","https://media.api-sports.io/football/teams/5530.png","37272","B. Kuwas","33","17","Midfielder","https://media.api-sports.io/football/players/37272.png","2026-05-25T12:16:16Z"
"5530","Curaçao","https://media.api-sports.io/football/teams/5530.png","36842","G. Roemeratoe","26","6","Midfielder","https://media.api-sports.io/football/players/36842.png","2026-05-25T12:16:16Z"
"5530","Curaçao","https://media.api-sports.io/football/teams/5530.png","37461","K. Felida","26","21","Midfielder","https://media.api-sports.io/football/players/37461.png","2026-05-25T12:16:16Z"
"5530","Curaçao","https://media.api-sports.io/football/teams/5530.png","309763","L. Comenencia","21","8","Midfielder","https://media.api-sports.io/football/players/309763.png","2026-05-25T12:16:16Z"
"770","Czech Republic","https://media.api-sports.io/football/teams/770.png","290212","D. Višinský","22","21","Attacker","https://media.api-sports.io/football/players/290212.png","2026-05-25T12:16:16Z"
"770","Czech Republic","https://media.api-sports.io/football/teams/770.png","90746","J. Kliment","32","11","Attacker","https://media.api-sports.io/football/players/90746.png","2026-05-25T12:16:16Z"
"770","Czech Republic","https://media.api-sports.io/football/teams/770.png","66275","M. Chytil","26","13","Attacker","https://media.api-sports.io/football/players/66275.png","2026-05-25T12:16:16Z"
"770","Czech Republic","https://media.api-sports.io/football/teams/770.png","794","P. Schick","29","10","Attacker","https://media.api-sports.io/football/players/794.png","2026-05-25T12:16:16Z"
"770","Czech Republic","https://media.api-sports.io/football/teams/770.png","818","T. Chorý","30","19","Attacker","https://media.api-sports.io/football/players/818.png","2026-05-25T12:16:16Z"
"770","Czech Republic","https://media.api-sports.io/football/teams/770.png","128793","D. Jurásek","25","17","Defender","https://media.api-sports.io/football/players/128793.png","2026-05-25T12:16:16Z"
"770","Czech Republic","https://media.api-sports.io/football/teams/770.png","1237","J. Zelený","33","20","Defender","https://media.api-sports.io/football/players/1237.png","2026-05-25T12:16:16Z"
"770","Czech Republic","https://media.api-sports.io/football/teams/770.png","66407","L. Krejčí","26","7","Defender","https://media.api-sports.io/football/players/66407.png","2026-05-25T12:16:16Z"
"770","Czech Republic","https://media.api-sports.io/football/teams/770.png","287564","M. Vitík","22","6","Defender","https://media.api-sports.io/football/players/287564.png","2026-05-25T12:16:16Z"
"770","Czech Republic","https://media.api-sports.io/football/teams/770.png","162964","R. Hranáč","25","4","Defender","https://media.api-sports.io/football/players/162964.png","2026-05-25T12:16:16Z"
"770","Czech Republic","https://media.api-sports.io/football/teams/770.png","337740","Š. Chaloupek","22","2","Defender","https://media.api-sports.io/football/players/337740.png","2026-05-25T12:16:16Z"
"770","Czech Republic","https://media.api-sports.io/football/teams/770.png","2252","T. Holeš","32","3","Defender","https://media.api-sports.io/football/players/2252.png","2026-05-25T12:16:16Z"
"770","Czech Republic","https://media.api-sports.io/football/teams/770.png","1231","V. Coufal","33","5","Defender","https://media.api-sports.io/football/players/1231.png","2026-05-25T12:16:16Z"
"770","Czech Republic","https://media.api-sports.io/football/teams/770.png","269349","L. Horníček","23","16","Goalkeeper","https://media.api-sports.io/football/players/269349.png","2026-05-25T12:16:16Z"
"770","Czech Republic","https://media.api-sports.io/football/teams/770.png","61161","M. Jedlička","27","23","Goalkeeper","https://media.api-sports.io/football/players/61161.png","2026-05-25T12:16:16Z"
"770","Czech Republic","https://media.api-sports.io/football/teams/770.png","138804","M. Kovář","25","1","Goalkeeper","https://media.api-sports.io/football/players/138804.png","2026-05-25T12:16:16Z"
"770","Czech Republic","https://media.api-sports.io/football/teams/770.png","199871","A. Karabec","22","9","Midfielder","https://media.api-sports.io/football/players/199871.png","2026-05-25T12:16:16Z"
"770","Czech Republic","https://media.api-sports.io/football/teams/770.png","162194","L. Červ","24","12","Midfielder","https://media.api-sports.io/football/players/162194.png","2026-05-25T12:16:16Z"
"770","Czech Republic","https://media.api-sports.io/football/teams/770.png","66353","L. Provod","29","14","Midfielder","https://media.api-sports.io/football/players/66353.png","2026-05-25T12:16:16Z"
"770","Czech Republic","https://media.api-sports.io/football/teams/770.png","241","M. Sadílek","26","18","Midfielder","https://media.api-sports.io/football/players/241.png","2026-05-25T12:16:16Z"
"770","Czech Republic","https://media.api-sports.io/football/teams/770.png","66387","P. Šulc","25","15","Midfielder","https://media.api-sports.io/football/players/66387.png","2026-05-25T12:16:16Z"
"770","Czech Republic","https://media.api-sports.io/football/teams/770.png","1243","T. Souček","30","22","Midfielder","https://media.api-sports.io/football/players/1243.png","2026-05-25T12:16:16Z"
"770","Czech Republic","https://media.api-sports.io/football/teams/770.png","25348","V. Darida","35","8","Midfielder","https://media.api-sports.io/football/players/25348.png","2026-05-25T12:16:16Z"
"2382","Ecuador","https://media.api-sports.io/football/teams/2382.png","280695","A. Minda","22","14","Attacker","https://media.api-sports.io/football/players/280695.png","2026-05-25T12:16:16Z"
"2382","Ecuador","https://media.api-sports.io/football/teams/2382.png","356456","Bryan Josías Ramírez León","25","20","Attacker","https://media.api-sports.io/football/players/356456.png","2026-05-25T12:16:16Z"
"2382","Ecuador","https://media.api-sports.io/football/teams/2382.png","35533","E. Valencia","36","13","Attacker","https://media.api-sports.io/football/players/35533.png","2026-05-25T12:16:16Z"
"2382","Ecuador","https://media.api-sports.io/football/teams/2382.png","625629","Elias Legendre Quiñonez","17","9","Attacker","https://media.api-sports.io/football/players/625629.png","2026-05-25T12:16:16Z"
"2382","Ecuador","https://media.api-sports.io/football/teams/2382.png","16369","G. Plata","25","19","Attacker","https://media.api-sports.io/football/players/16369.png","2026-05-25T12:16:16Z"
"2382","Ecuador","https://media.api-sports.io/football/teams/2382.png","16590","J. Caicedo","28","19","Attacker","https://media.api-sports.io/football/players/16590.png","2026-05-25T12:16:16Z"
"2382","Ecuador","https://media.api-sports.io/football/teams/2382.png","16413","J. Corozo","30","18","Attacker","https://media.api-sports.io/football/players/16413.png","2026-05-25T12:16:16Z"
"2382","Ecuador","https://media.api-sports.io/football/teams/2382.png","237122","J. Mercado","23","18","Attacker","https://media.api-sports.io/football/players/237122.png","2026-05-25T12:16:16Z"
"2382","Ecuador","https://media.api-sports.io/football/teams/2382.png","350799","Jeremy Arévalo","20","8","Attacker","https://media.api-sports.io/football/players/350799.png","2026-05-25T12:16:16Z"
"2382","Ecuador","https://media.api-sports.io/football/teams/2382.png","311543","N. Angulo","22","20","Attacker","https://media.api-sports.io/football/players/311543.png","2026-05-25T12:16:16Z"
"2382","Ecuador","https://media.api-sports.io/football/teams/2382.png","2583","A. Preciado","27","17","Defender","https://media.api-sports.io/football/players/2583.png","2026-05-25T12:16:16Z"
"2382","Ecuador","https://media.api-sports.io/football/teams/2382.png","2076","C. Ramírez","31","5","Defender","https://media.api-sports.io/football/players/2076.png","2026-05-25T12:16:16Z"
"2382","Ecuador","https://media.api-sports.io/football/teams/2382.png","63964","F. Torres","28","2","Defender","https://media.api-sports.io/football/players/63964.png","2026-05-25T12:16:16Z"
"2382","Ecuador","https://media.api-sports.io/football/teams/2382.png","68113","J. Hurtado","24","24","Defender","https://media.api-sports.io/football/players/68113.png","2026-05-25T12:16:16Z"
"2382","Ecuador","https://media.api-sports.io/football/teams/2382.png","354027","J. Ordoñez","21","4","Defender","https://media.api-sports.io/football/players/354027.png","2026-05-25T12:16:16Z"
"2382","Ecuador","https://media.api-sports.io/football/teams/2382.png","2575","J. Porozo","25","5","Defender","https://media.api-sports.io/football/players/2575.png","2026-05-25T12:16:16Z"
"2382","Ecuador","https://media.api-sports.io/football/teams/2382.png","46731","P. Estupiñán","27","7","Defender","https://media.api-sports.io/football/players/46731.png","2026-05-25T12:16:16Z"
"2382","Ecuador","https://media.api-sports.io/football/teams/2382.png","127817","P. Hincapié","23","3","Defender","https://media.api-sports.io/football/players/127817.png","2026-05-25T12:16:16Z"
"2382","Ecuador","https://media.api-sports.io/football/teams/2382.png","16367","W. Pacho","24","6","Defender","https://media.api-sports.io/football/players/16367.png","2026-05-25T12:16:16Z"
"2382","Ecuador","https://media.api-sports.io/football/teams/2382.png","306940","Y. Medina","21","7","Defender","https://media.api-sports.io/football/players/306940.png","2026-05-25T12:16:16Z"
"2382","Ecuador","https://media.api-sports.io/football/teams/2382.png","410134","C. Loor","19","1","Goalkeeper","https://media.api-sports.io/football/players/410134.png","2026-05-25T12:16:16Z"
"2382","Ecuador","https://media.api-sports.io/football/teams/2382.png","16579","D. Cabezas","30","22","Goalkeeper","https://media.api-sports.io/football/players/16579.png","2026-05-25T12:16:16Z"
"2382","Ecuador","https://media.api-sports.io/football/teams/2382.png","16642","G. Valle","29","22","Goalkeeper","https://media.api-sports.io/football/players/16642.png","2026-05-25T12:16:16Z"
"2382","Ecuador","https://media.api-sports.io/football/teams/2382.png","16380","H. Galíndez","38","1","Goalkeeper","https://media.api-sports.io/football/players/16380.png","2026-05-25T12:16:16Z"
"2382","Ecuador","https://media.api-sports.io/football/teams/2382.png","81224","M. Ramírez","25","12","Goalkeeper","https://media.api-sports.io/football/players/81224.png","2026-05-25T12:16:16Z"
"2382","Ecuador","https://media.api-sports.io/football/teams/2382.png","16360","A. Franco","27","21","Midfielder","https://media.api-sports.io/football/players/16360.png","2026-05-25T12:16:16Z"
"2382","Ecuador","https://media.api-sports.io/football/teams/2382.png","198347","A. Valencia","22",,"Midfielder","https://media.api-sports.io/football/players/198347.png","2026-05-25T12:16:16Z"
"2382","Ecuador","https://media.api-sports.io/football/teams/2382.png","338045","D. Castillo","21","16","Midfielder","https://media.api-sports.io/football/players/338045.png","2026-05-25T12:16:16Z"
"2382","Ecuador","https://media.api-sports.io/football/teams/2382.png","16470","J. Alcívar","26","18","Midfielder","https://media.api-sports.io/football/players/16470.png","2026-05-25T12:16:16Z"
"2382","Ecuador","https://media.api-sports.io/football/teams/2382.png","25414","J. Yeboah","25","9","Midfielder","https://media.api-sports.io/football/players/25414.png","2026-05-25T12:16:16Z"
"2382","Ecuador","https://media.api-sports.io/football/teams/2382.png","406303","K. Páez","18","10","Midfielder","https://media.api-sports.io/football/players/406303.png","2026-05-25T12:16:16Z"
"2382","Ecuador","https://media.api-sports.io/football/teams/2382.png","361966","K. Rodríguez","25","11","Midfielder","https://media.api-sports.io/football/players/361966.png","2026-05-25T12:16:16Z"
"2382","Ecuador","https://media.api-sports.io/football/teams/2382.png","116117","M. Caicedo","24","23","Midfielder","https://media.api-sports.io/football/players/116117.png","2026-05-25T12:16:16Z"
"2382","Ecuador","https://media.api-sports.io/football/teams/2382.png","321658","P. Mercado","22","16","Midfielder","https://media.api-sports.io/football/players/321658.png","2026-05-25T12:16:16Z"
"2382","Ecuador","https://media.api-sports.io/football/teams/2382.png","237078","P. Vite","23","15","Midfielder","https://media.api-sports.io/football/players/237078.png","2026-05-25T12:16:16Z"
"32","Egypt","https://media.api-sports.io/football/teams/32.png","20844","H. Hassan","23","15","Attacker","https://media.api-sports.io/football/players/20844.png","2026-05-25T12:16:16Z"
"32","Egypt","https://media.api-sports.io/football/teams/32.png","70535","Ibrahim Adel","24","20","Attacker","https://media.api-sports.io/football/players/70535.png","2026-05-25T12:16:16Z"
"32","Egypt","https://media.api-sports.io/football/teams/32.png","306","Mohamed Salah","33","10","Attacker","https://media.api-sports.io/football/players/306.png","2026-05-25T12:16:16Z"
"32","Egypt","https://media.api-sports.io/football/teams/32.png","16862","Mostafa Fathi","31","18","Attacker","https://media.api-sports.io/football/players/16862.png","2026-05-25T12:16:16Z"
"32","Egypt","https://media.api-sports.io/football/teams/32.png","2668","Mostafa Mohamed","28","11","Attacker","https://media.api-sports.io/football/players/2668.png","2026-05-25T12:16:16Z"
"32","Egypt","https://media.api-sports.io/football/teams/32.png","550372","N. Mansy","27","21","Attacker","https://media.api-sports.io/football/players/550372.png","2026-05-25T12:16:16Z"
"32","Egypt","https://media.api-sports.io/football/teams/32.png","81573","Omar Marmoush","26","22","Attacker","https://media.api-sports.io/football/players/81573.png","2026-05-25T12:16:16Z"
"32","Egypt","https://media.api-sports.io/football/teams/32.png","269275","Osama Faisal","24","21","Attacker","https://media.api-sports.io/football/players/269275.png","2026-05-25T12:16:16Z"
"32","Egypt","https://media.api-sports.io/football/teams/32.png","2666","Salah Mohsen","27","9","Attacker","https://media.api-sports.io/football/players/2666.png","2026-05-25T12:16:16Z"
"32","Egypt","https://media.api-sports.io/football/teams/32.png","16871","Zizo","29","25","Attacker","https://media.api-sports.io/football/players/16871.png","2026-05-25T12:16:16Z"
"32","Egypt","https://media.api-sports.io/football/teams/32.png","2649","Ahmed Abou El Fotouh","27","13","Defender","https://media.api-sports.io/football/players/2649.png","2026-05-25T12:16:16Z"
"32","Egypt","https://media.api-sports.io/football/teams/32.png","190576","Ahmed Eid","24","24","Defender","https://media.api-sports.io/football/players/190576.png","2026-05-25T12:16:16Z"
"32","Egypt","https://media.api-sports.io/football/teams/32.png","269621","Hossam Abdelmaguid","24","4","Defender","https://media.api-sports.io/football/players/269621.png","2026-05-25T12:16:16Z"
"32","Egypt","https://media.api-sports.io/football/teams/32.png","17032","Khaled Sobhy","30","2","Defender","https://media.api-sports.io/football/players/17032.png","2026-05-25T12:16:16Z"
"32","Egypt","https://media.api-sports.io/football/teams/32.png","550412","M. Hamdi","30","12","Defender","https://media.api-sports.io/football/players/550412.png","2026-05-25T12:16:16Z"
"32","Egypt","https://media.api-sports.io/football/teams/32.png","550448","M. Ismail","26","28","Defender","https://media.api-sports.io/football/players/550448.png","2026-05-25T12:16:16Z"
"32","Egypt","https://media.api-sports.io/football/teams/32.png","196343","Mohamed Abdelmonem","26","6","Defender","https://media.api-sports.io/football/players/196343.png","2026-05-25T12:16:16Z"
"32","Egypt","https://media.api-sports.io/football/teams/32.png","2654","Mohamed Hany","29","3","Defender","https://media.api-sports.io/football/players/2654.png","2026-05-25T12:16:16Z"
"32","Egypt","https://media.api-sports.io/football/teams/32.png","16805","Rami Rabia","32","5","Defender","https://media.api-sports.io/football/players/16805.png","2026-05-25T12:16:16Z"
"32","Egypt","https://media.api-sports.io/football/teams/32.png","16804","Yasser Ibrahim","32","6","Defender","https://media.api-sports.io/football/players/16804.png","2026-05-25T12:16:16Z"
"32","Egypt","https://media.api-sports.io/football/teams/32.png","2648","Ahmed El Shenawy","34","1","Goalkeeper","https://media.api-sports.io/football/players/2648.png","2026-05-25T12:16:16Z"
"32","Egypt","https://media.api-sports.io/football/teams/32.png","16831","Al Mahdi Soliman","38","16","Goalkeeper","https://media.api-sports.io/football/players/16831.png","2026-05-25T12:16:16Z"
"32","Egypt","https://media.api-sports.io/football/teams/32.png","550469","M. Alaa","26",,"Goalkeeper","https://media.api-sports.io/football/players/550469.png","2026-05-25T12:16:16Z"
"32","Egypt","https://media.api-sports.io/football/teams/32.png","16797","Mohamed El Shenawy","37","23","Goalkeeper","https://media.api-sports.io/football/players/16797.png","2026-05-25T12:16:16Z"
"32","Egypt","https://media.api-sports.io/football/teams/32.png","17190","Mohamed Sobhi","26","16","Goalkeeper","https://media.api-sports.io/football/players/17190.png","2026-05-25T12:16:16Z"
"32","Egypt","https://media.api-sports.io/football/teams/32.png","269174","Mostafa Shobeir","25","26","Goalkeeper","https://media.api-sports.io/football/players/269174.png","2026-05-25T12:16:16Z"
"32","Egypt","https://media.api-sports.io/football/teams/32.png","292695","Ahmed Koka","24","15","Midfielder","https://media.api-sports.io/football/players/292695.png","2026-05-25T12:16:16Z"
"32","Egypt","https://media.api-sports.io/football/teams/32.png","17269","Emam Ashour","27","8","Midfielder","https://media.api-sports.io/football/players/17269.png","2026-05-25T12:16:16Z"
"32","Egypt","https://media.api-sports.io/football/teams/32.png","16813","Hamdi Fathy","31","14","Midfielder","https://media.api-sports.io/football/players/16813.png","2026-05-25T12:16:16Z"
"32","Egypt","https://media.api-sports.io/football/teams/32.png","16901","Islam Issa","29","8","Midfielder","https://media.api-sports.io/football/players/16901.png","2026-05-25T12:16:16Z"
"32","Egypt","https://media.api-sports.io/football/teams/32.png","69196","Mahmoud Saber","24","27","Midfielder","https://media.api-sports.io/football/players/69196.png","2026-05-25T12:16:16Z"
"32","Egypt","https://media.api-sports.io/football/teams/32.png","190575","Marwan Attia","27","19","Midfielder","https://media.api-sports.io/football/players/190575.png","2026-05-25T12:16:16Z"
"32","Egypt","https://media.api-sports.io/football/teams/32.png","182021","Mohamed Shehata","24","15","Midfielder","https://media.api-sports.io/football/players/182021.png","2026-05-25T12:16:16Z"
"32","Egypt","https://media.api-sports.io/football/teams/32.png","16841","Mohanad Lasheen","29","17","Midfielder","https://media.api-sports.io/football/players/16841.png","2026-05-25T12:16:16Z"
"32","Egypt","https://media.api-sports.io/football/teams/32.png","550371","T. Alaa","23",,"Midfielder","https://media.api-sports.io/football/players/550371.png","2026-05-25T12:16:16Z"
"32","Egypt","https://media.api-sports.io/football/teams/32.png","2664","Trézéguet","31","7","Midfielder","https://media.api-sports.io/football/players/2664.png","2026-05-25T12:16:16Z"
"10","England","https://media.api-sports.io/football/teams/10.png","138787","A. Gordon","24","17","Attacker","https://media.api-sports.io/football/players/138787.png","2026-05-25T12:16:16Z"
"10","England","https://media.api-sports.io/football/teams/10.png","18766","D. Calvert-Lewin","28","18","Attacker","https://media.api-sports.io/football/players/18766.png","2026-05-25T12:16:16Z"
"10","England","https://media.api-sports.io/football/teams/10.png","18883","D. Solanke","28","19","Attacker","https://media.api-sports.io/football/players/18883.png","2026-05-25T12:16:16Z"
"10","England","https://media.api-sports.io/football/teams/10.png","18778","H. Barnes","28","17","Attacker","https://media.api-sports.io/football/players/18778.png","2026-05-25T12:16:16Z"
"10","England","https://media.api-sports.io/football/teams/10.png","19428","J. Bowen","29","20","Attacker","https://media.api-sports.io/football/players/19428.png","2026-05-25T12:16:16Z"
"10","England","https://media.api-sports.io/football/teams/10.png","909","M. Rashford","28","11","Attacker","https://media.api-sports.io/football/players/909.png","2026-05-25T12:16:16Z"
"10","England","https://media.api-sports.io/football/teams/10.png","136723","N. Madueke","23","21","Attacker","https://media.api-sports.io/football/players/136723.png","2026-05-25T12:16:16Z"
"10","England","https://media.api-sports.io/football/teams/10.png","19959","B. White","28","21","Defender","https://media.api-sports.io/football/players/19959.png","2026-05-25T12:16:16Z"
"10","England","https://media.api-sports.io/football/teams/10.png","18961","D. Burn","33","12","Defender","https://media.api-sports.io/football/players/18961.png","2026-05-25T12:16:16Z"
"10","England","https://media.api-sports.io/football/teams/10.png","19235","D. Spence","25","14","Defender","https://media.api-sports.io/football/players/19235.png","2026-05-25T12:16:16Z"
"10","England","https://media.api-sports.io/football/teams/10.png","19354","E. Konsa","28","2","Defender","https://media.api-sports.io/football/players/19354.png","2026-05-25T12:16:16Z"
"10","England","https://media.api-sports.io/football/teams/10.png","19209","F. Tomori","28","12","Defender","https://media.api-sports.io/football/players/19209.png","2026-05-25T12:16:16Z"
"10","England","https://media.api-sports.io/football/teams/10.png","2935","H. Maguire","32","6","Defender","https://media.api-sports.io/football/players/2935.png","2026-05-25T12:16:16Z"
"10","England","https://media.api-sports.io/football/teams/10.png","626","J. Stones","31","5","Defender","https://media.api-sports.io/football/players/626.png","2026-05-25T12:16:16Z"
"10","England","https://media.api-sports.io/football/teams/10.png","284492","L. Hall","21","3","Defender","https://media.api-sports.io/football/players/284492.png","2026-05-25T12:16:16Z"
"10","England","https://media.api-sports.io/football/teams/10.png","67971","M. Guéhi","25","5","Defender","https://media.api-sports.io/football/players/67971.png","2026-05-25T12:16:16Z"
"10","England","https://media.api-sports.io/football/teams/10.png","158694","T. Livramento","23","16","Defender","https://media.api-sports.io/football/players/158694.png","2026-05-25T12:16:16Z"
"10","England","https://media.api-sports.io/football/teams/10.png","20355","A. Ramsdale","27","1","Goalkeeper","https://media.api-sports.io/football/players/20355.png","2026-05-25T12:16:16Z"
"10","England","https://media.api-sports.io/football/teams/10.png","19088","D. Henderson","28","13","Goalkeeper","https://media.api-sports.io/football/players/19088.png","2026-05-25T12:16:16Z"
"10","England","https://media.api-sports.io/football/teams/10.png","2932","J. Pickford","31","1","Goalkeeper","https://media.api-sports.io/football/players/2932.png","2026-05-25T12:16:16Z"
"10","England","https://media.api-sports.io/football/teams/10.png","18960","J. Steele","35","18","Goalkeeper","https://media.api-sports.io/football/players/18960.png","2026-05-25T12:16:16Z"
"10","England","https://media.api-sports.io/football/teams/10.png","162489","J. Trafford","23","22","Goalkeeper","https://media.api-sports.io/football/players/162489.png","2026-05-25T12:16:16Z"
"10","England","https://media.api-sports.io/football/teams/10.png","288102","A. Wharton","21","16","Midfielder","https://media.api-sports.io/football/players/288102.png","2026-05-25T12:16:16Z"
"10","England","https://media.api-sports.io/football/teams/10.png","152982","C. Palmer","23","20","Midfielder","https://media.api-sports.io/football/players/152982.png","2026-05-25T12:16:16Z"
"10","England","https://media.api-sports.io/football/teams/10.png","138908","E. Anderson","23","21","Midfielder","https://media.api-sports.io/football/players/138908.png","2026-05-25T12:16:16Z"
"10","England","https://media.api-sports.io/football/teams/10.png","129718","J. Bellingham","22","10","Midfielder","https://media.api-sports.io/football/players/129718.png","2026-05-25T12:16:16Z"
"10","England","https://media.api-sports.io/football/teams/10.png","895","J. Garner","24","14","Midfielder","https://media.api-sports.io/football/players/895.png","2026-05-25T12:16:16Z"
"10","England","https://media.api-sports.io/football/teams/10.png","292","J. Henderson","35","8","Midfielder","https://media.api-sports.io/football/players/292.png","2026-05-25T12:16:16Z"
"10","England","https://media.api-sports.io/football/teams/10.png","284322","K. Mainoo","20","18","Midfielder","https://media.api-sports.io/football/players/284322.png","2026-05-25T12:16:16Z"
"10","England","https://media.api-sports.io/football/teams/10.png","19170","M. Rogers","23","15","Midfielder","https://media.api-sports.io/football/players/19170.png","2026-05-25T12:16:16Z"
"10","England","https://media.api-sports.io/football/teams/10.png","307123","N. O&apos;Reilly","20","18","Midfielder","https://media.api-sports.io/football/players/307123.png","2026-05-25T12:16:16Z"
"10","England","https://media.api-sports.io/football/teams/10.png","631","P. Foden","25","17","Midfielder","https://media.api-sports.io/football/players/631.png","2026-05-25T12:16:16Z"
"2","France","https://media.api-sports.io/football/teams/2.png","343027","D. Doué","20","12","Attacker","https://media.api-sports.io/football/players/343027.png","2026-05-25T12:16:16Z"
"2","France","https://media.api-sports.io/football/teams/2.png","278","Kylian Mbappé","27","10","Attacker","https://media.api-sports.io/football/players/278.png","2026-05-25T12:16:16Z"
"2","France","https://media.api-sports.io/football/teams/2.png","274300","M. Akliouche","23","12","Attacker","https://media.api-sports.io/football/players/274300.png","2026-05-25T12:16:16Z"
"2","France","https://media.api-sports.io/football/teams/2.png","21509","M. Thuram","28","9","Attacker","https://media.api-sports.io/football/players/21509.png","2026-05-25T12:16:16Z"
"2","France","https://media.api-sports.io/football/teams/2.png","153","O. Dembélé","28","7","Attacker","https://media.api-sports.io/football/players/153.png","2026-05-25T12:16:16Z"
"2","France","https://media.api-sports.io/football/teams/2.png","1149","D. Upamecano","27","4","Defender","https://media.api-sports.io/football/players/1149.png","2026-05-25T12:16:16Z"
"2","France","https://media.api-sports.io/football/teams/2.png","1145","I. Konaté","26","15","Defender","https://media.api-sports.io/football/players/1145.png","2026-05-25T12:16:16Z"
"2","France","https://media.api-sports.io/football/teams/2.png","2724","L. Digne","32","3","Defender","https://media.api-sports.io/football/players/2724.png","2026-05-25T12:16:16Z"
"2","France","https://media.api-sports.io/football/teams/2.png","33","L. Hernández","29","21","Defender","https://media.api-sports.io/football/players/33.png","2026-05-25T12:16:16Z"
"2","France","https://media.api-sports.io/football/teams/2.png","161907","M. Gusto","22","2","Defender","https://media.api-sports.io/football/players/161907.png","2026-05-25T12:16:16Z"
"2","France","https://media.api-sports.io/football/teams/2.png","20995","M. Lacroix","25","19","Defender","https://media.api-sports.io/football/players/20995.png","2026-05-25T12:16:16Z"
"2","France","https://media.api-sports.io/football/teams/2.png","47300","T. Hernández","28","22","Defender","https://media.api-sports.io/football/players/47300.png","2026-05-25T12:16:16Z"
"2","France","https://media.api-sports.io/football/teams/2.png","21628","B. Samba","31","1","Goalkeeper","https://media.api-sports.io/football/players/21628.png","2026-05-25T12:16:16Z"
"2","France","https://media.api-sports.io/football/teams/2.png","22221","M. Maignan","30","16","Goalkeeper","https://media.api-sports.io/football/players/22221.png","2026-05-25T12:16:16Z"
"2","France","https://media.api-sports.io/football/teams/2.png","347211","R. Risser","21","16","Goalkeeper","https://media.api-sports.io/football/players/347211.png","2026-05-25T12:16:16Z"
"2","France","https://media.api-sports.io/football/teams/2.png","272","A. Rabiot","30","14","Midfielder","https://media.api-sports.io/football/players/272.png","2026-05-25T12:16:16Z"
"2","France","https://media.api-sports.io/football/teams/2.png","1271","A. Tchouaméni","25","8","Midfielder","https://media.api-sports.io/football/players/1271.png","2026-05-25T12:16:16Z"
"2","France","https://media.api-sports.io/football/teams/2.png","22147","M. Koné","24","8","Midfielder","https://media.api-sports.io/football/players/22147.png","2026-05-25T12:16:16Z"
"2","France","https://media.api-sports.io/football/teams/2.png","19617","M. Olise","24","11","Midfielder","https://media.api-sports.io/football/players/19617.png","2026-05-25T12:16:16Z"
"2","France","https://media.api-sports.io/football/teams/2.png","2290","N. Kanté","34","13","Midfielder","https://media.api-sports.io/football/players/2290.png","2026-05-25T12:16:16Z"
"2","France","https://media.api-sports.io/football/teams/2.png","156477","R. Cherki","22","14","Midfielder","https://media.api-sports.io/football/players/156477.png","2026-05-25T12:16:16Z"
"2","France","https://media.api-sports.io/football/teams/2.png","336657","W. Zaïre-Emery","19","18","Midfielder","https://media.api-sports.io/football/players/336657.png","2026-05-25T12:16:16Z"
"25","Germany","https://media.api-sports.io/football/teams/25.png","24798","C. Führich","27","11","Attacker","https://media.api-sports.io/football/players/24798.png","2026-05-25T12:16:16Z"
"25","Germany","https://media.api-sports.io/football/teams/25.png","26475","D. Undav","29","13","Attacker","https://media.api-sports.io/football/players/26475.png","2026-05-25T12:16:16Z"
"25","Germany","https://media.api-sports.io/football/teams/25.png","978","K. Havertz","26","7","Attacker","https://media.api-sports.io/football/players/978.png","2026-05-25T12:16:16Z"
"25","Germany","https://media.api-sports.io/football/teams/25.png","644","L. Sané","30","19","Attacker","https://media.api-sports.io/football/players/644.png","2026-05-25T12:16:16Z"
"25","Germany","https://media.api-sports.io/football/teams/25.png","158054","N. Woltemade","23","11","Attacker","https://media.api-sports.io/football/players/158054.png","2026-05-25T12:16:16Z"
"25","Germany","https://media.api-sports.io/football/teams/25.png","510","S. Gnabry","30","20","Attacker","https://media.api-sports.io/football/players/510.png","2026-05-25T12:16:16Z"
"25","Germany","https://media.api-sports.io/football/teams/25.png","2285","A. Rüdiger","32","2","Defender","https://media.api-sports.io/football/players/2285.png","2026-05-25T12:16:16Z"
"25","Germany","https://media.api-sports.io/football/teams/25.png","25158","D. Raum","27","22","Defender","https://media.api-sports.io/football/players/25158.png","2026-05-25T12:16:16Z"
"25","Germany","https://media.api-sports.io/football/teams/25.png","972","J. Tah","29","4","Defender","https://media.api-sports.io/football/players/972.png","2026-05-25T12:16:16Z"
"25","Germany","https://media.api-sports.io/football/teams/25.png","24868","J. Vagnoman","25","2","Defender","https://media.api-sports.io/football/players/24868.png","2026-05-25T12:16:16Z"
"25","Germany","https://media.api-sports.io/football/teams/25.png","163189","M. Thiaw","24","2","Defender","https://media.api-sports.io/football/players/163189.png","2026-05-25T12:16:16Z"
"25","Germany","https://media.api-sports.io/football/teams/25.png","280074","N. Brown","22","18","Defender","https://media.api-sports.io/football/players/280074.png","2026-05-25T12:16:16Z"
"25","Germany","https://media.api-sports.io/football/teams/25.png","26243","N. Schlotterbeck","26","15","Defender","https://media.api-sports.io/football/players/26243.png","2026-05-25T12:16:16Z"
"25","Germany","https://media.api-sports.io/football/teams/25.png","25368","W. Anton","29","3","Defender","https://media.api-sports.io/football/players/25368.png","2026-05-25T12:16:16Z"
"25","Germany","https://media.api-sports.io/football/teams/25.png","399","A. Nübel","29","12","Goalkeeper","https://media.api-sports.io/football/players/399.png","2026-05-25T12:16:16Z"
"25","Germany","https://media.api-sports.io/football/teams/25.png","25903","F. Dahmen","27","21","Goalkeeper","https://media.api-sports.io/football/players/25903.png","2026-05-25T12:16:16Z"
"25","Germany","https://media.api-sports.io/football/teams/25.png","702","O. Baumann","35","1","Goalkeeper","https://media.api-sports.io/football/players/702.png","2026-05-25T12:16:16Z"
"25","Germany","https://media.api-sports.io/football/teams/25.png","177665","A. Stach","27","23","Midfielder","https://media.api-sports.io/football/players/177665.png","2026-05-25T12:16:16Z"
"25","Germany","https://media.api-sports.io/football/teams/25.png","137210","A. Stiller","24","16","Midfielder","https://media.api-sports.io/football/players/137210.png","2026-05-25T12:16:16Z"
"25","Germany","https://media.api-sports.io/football/teams/25.png","203224","F. Wirtz","22","17","Midfielder","https://media.api-sports.io/football/players/203224.png","2026-05-25T12:16:16Z"
"25","Germany","https://media.api-sports.io/football/teams/25.png","502","J. Kimmich","30","6","Midfielder","https://media.api-sports.io/football/players/502.png","2026-05-25T12:16:16Z"
"25","Germany","https://media.api-sports.io/football/teams/25.png","178077","K. Schade","24","16","Midfielder","https://media.api-sports.io/football/players/178077.png","2026-05-25T12:16:16Z"
"25","Germany","https://media.api-sports.io/football/teams/25.png","511","L. Goretzka","30","8","Midfielder","https://media.api-sports.io/football/players/511.png","2026-05-25T12:16:16Z"
"25","Germany","https://media.api-sports.io/football/teams/25.png","494131","L. Karl","17","21","Midfielder","https://media.api-sports.io/football/players/494131.png","2026-05-25T12:16:16Z"
"25","Germany","https://media.api-sports.io/football/teams/25.png","18970","P. Groß","34","5","Midfielder","https://media.api-sports.io/football/players/18970.png","2026-05-25T12:16:16Z"
"1504","Ghana","https://media.api-sports.io/football/teams/1504.png","303467","A. Fatawu","21","7","Attacker","https://media.api-sports.io/football/players/303467.png","2026-05-25T12:16:16Z"
"1504","Ghana","https://media.api-sports.io/football/teams/1504.png","19281","A. Semenyo","25",,"Attacker","https://media.api-sports.io/football/players/19281.png","2026-05-25T12:16:16Z"
"1504","Ghana","https://media.api-sports.io/football/teams/1504.png","411800","C. Bonsu Baah","21","17","Attacker","https://media.api-sports.io/football/players/411800.png","2026-05-25T12:16:16Z"
"1504","Ghana","https://media.api-sports.io/football/teams/1504.png","3428","J. Ayew","34","9","Attacker","https://media.api-sports.io/football/players/3428.png","2026-05-25T12:16:16Z"
"1504","Ghana","https://media.api-sports.io/football/teams/1504.png","199837","K. Sulemana","23","22","Attacker","https://media.api-sports.io/football/players/199837.png","2026-05-25T12:16:16Z"
"1504","Ghana","https://media.api-sports.io/football/teams/1504.png","410016","P. Adu","22",,"Attacker","https://media.api-sports.io/football/players/410016.png","2026-05-25T12:16:16Z"
"1504","Ghana","https://media.api-sports.io/football/teams/1504.png","162773","R. Königsdörffer","24","18","Attacker","https://media.api-sports.io/football/players/162773.png","2026-05-25T12:16:16Z"
"1504","Ghana","https://media.api-sports.io/football/teams/1504.png","21633","A. Djiku","31","23","Defender","https://media.api-sports.io/football/players/21633.png","2026-05-25T12:16:16Z"
"1504","Ghana","https://media.api-sports.io/football/teams/1504.png","128853","D. Köhn","27",,"Defender","https://media.api-sports.io/football/players/128853.png","2026-05-25T12:16:16Z"
"1504","Ghana","https://media.api-sports.io/football/teams/1504.png","25341","D. Luckassen","30","3","Defender","https://media.api-sports.io/football/players/25341.png","2026-05-25T12:16:16Z"
"1504","Ghana","https://media.api-sports.io/football/teams/1504.png","305450","E. Annan","23","21","Defender","https://media.api-sports.io/football/players/305450.png","2026-05-25T12:16:16Z"
"1504","Ghana","https://media.api-sports.io/football/teams/1504.png","7578","G. Mensah","27","14","Defender","https://media.api-sports.io/football/players/7578.png","2026-05-25T12:16:16Z"
"1504","Ghana","https://media.api-sports.io/football/teams/1504.png","369425","J. Adjetey","22","4","Defender","https://media.api-sports.io/football/players/369425.png","2026-05-25T12:16:16Z"
"1504","Ghana","https://media.api-sports.io/football/teams/1504.png","137223","J. Opoku","27","18","Defender","https://media.api-sports.io/football/players/137223.png","2026-05-25T12:16:16Z"
"1504","Ghana","https://media.api-sports.io/football/teams/1504.png","404172","K. Peprah Oppong","21","15","Defender","https://media.api-sports.io/football/players/404172.png","2026-05-25T12:16:16Z"
"1504","Ghana","https://media.api-sports.io/football/teams/1504.png","191240","M. Senaya","24",,"Defender","https://media.api-sports.io/football/players/191240.png","2026-05-25T12:16:16Z"
"1504","Ghana","https://media.api-sports.io/football/teams/1504.png","108475","P. Pfeiffer","26",,"Defender","https://media.api-sports.io/football/players/108475.png","2026-05-25T12:16:16Z"
"1504","Ghana","https://media.api-sports.io/football/teams/1504.png","144709","J. Anang","25","12","Goalkeeper","https://media.api-sports.io/football/players/144709.png","2026-05-25T12:16:16Z"
"1504","Ghana","https://media.api-sports.io/football/teams/1504.png","3412","L. Zigi","29","1","Goalkeeper","https://media.api-sports.io/football/players/3412.png","2026-05-25T12:16:16Z"
"1504","Ghana","https://media.api-sports.io/football/teams/1504.png","559233","S. Mohan","19","16","Goalkeeper","https://media.api-sports.io/football/players/559233.png","2026-05-25T12:16:16Z"
"1504","Ghana","https://media.api-sports.io/football/teams/1504.png","475575","Caleb Marfo Yirenkyi","19","3","Midfielder","https://media.api-sports.io/football/players/475575.png","2026-05-25T12:16:16Z"
"1504","Ghana","https://media.api-sports.io/football/teams/1504.png","87791","D. Agyei","28","13","Midfielder","https://media.api-sports.io/football/players/87791.png","2026-05-25T12:16:16Z"
"1504","Ghana","https://media.api-sports.io/football/teams/1504.png","21010","E. Owusu","28","15","Midfielder","https://media.api-sports.io/football/players/21010.png","2026-05-25T12:16:16Z"
"1504","Ghana","https://media.api-sports.io/football/teams/1504.png","353609","I. Sulemana","22","8","Midfielder","https://media.api-sports.io/football/players/353609.png","2026-05-25T12:16:16Z"
"1504","Ghana","https://media.api-sports.io/football/teams/1504.png","3608","K. Sibo","27","8","Midfielder","https://media.api-sports.io/football/players/3608.png","2026-05-25T12:16:16Z"
"1504","Ghana","https://media.api-sports.io/football/teams/1504.png","49","T. Partey","32","5","Midfielder","https://media.api-sports.io/football/players/49.png","2026-05-25T12:16:16Z"
"2386","Haiti","https://media.api-sports.io/football/teams/2386.png","50958","D. Etienne","29","7","Attacker","https://media.api-sports.io/football/players/50958.png","2026-05-25T12:16:16Z"
"2386","Haiti","https://media.api-sports.io/football/teams/2386.png","45020","D. Nazon","31","9","Attacker","https://media.api-sports.io/football/players/45020.png","2026-05-25T12:16:16Z"
"2386","Haiti","https://media.api-sports.io/football/teams/2386.png","8601","F. Pierrot","30","20","Attacker","https://media.api-sports.io/football/players/8601.png","2026-05-25T12:16:16Z"
"2386","Haiti","https://media.api-sports.io/football/teams/2386.png","174915","J. Casimir","24","21","Attacker","https://media.api-sports.io/football/players/174915.png","2026-05-25T12:16:16Z"
"2386","Haiti","https://media.api-sports.io/football/teams/2386.png","128766","L. Deedson","24","11","Attacker","https://media.api-sports.io/football/players/128766.png","2026-05-25T12:16:16Z"
"2386","Haiti","https://media.api-sports.io/football/teams/2386.png","21613","L. Joseph","25",,"Attacker","https://media.api-sports.io/football/players/21613.png","2026-05-25T12:16:16Z"
"2386","Haiti","https://media.api-sports.io/football/teams/2386.png","162733","R. Providence","24","15","Attacker","https://media.api-sports.io/football/players/162733.png","2026-05-25T12:16:16Z"
"2386","Haiti","https://media.api-sports.io/football/teams/2386.png","84087","W. Isidor","25","18","Attacker","https://media.api-sports.io/football/players/84087.png","2026-05-25T12:16:16Z"
"2386","Haiti","https://media.api-sports.io/football/teams/2386.png","48535","Y. Fortuné","26","19","Attacker","https://media.api-sports.io/football/players/48535.png","2026-05-25T12:16:16Z"
"2386","Haiti","https://media.api-sports.io/football/teams/2386.png","102505","D. Lacroix","32","13","Defender","https://media.api-sports.io/football/players/102505.png","2026-05-25T12:16:16Z"
"2386","Haiti","https://media.api-sports.io/football/teams/2386.png","1411","H. Delcroix","26","5","Defender","https://media.api-sports.io/football/players/1411.png","2026-05-25T12:16:16Z"
"2386","Haiti","https://media.api-sports.io/football/teams/2386.png","20655","J. Duverne","28","22","Defender","https://media.api-sports.io/football/players/20655.png","2026-05-25T12:16:16Z"
"2386","Haiti","https://media.api-sports.io/football/teams/2386.png","573613","K. Thermoncy","19","3","Defender","https://media.api-sports.io/football/players/573613.png","2026-05-25T12:16:16Z"
"2386","Haiti","https://media.api-sports.io/football/teams/2386.png","190747","M. Expérience","26","8","Defender","https://media.api-sports.io/football/players/190747.png","2026-05-25T12:16:16Z"
"2386","Haiti","https://media.api-sports.io/football/teams/2386.png","12303","Ricardo Ade","35","4","Defender","https://media.api-sports.io/football/players/12303.png","2026-05-25T12:16:16Z"
"2386","Haiti","https://media.api-sports.io/football/teams/2386.png","275367","W. Paugain","24","24","Defender","https://media.api-sports.io/football/players/275367.png","2026-05-25T12:16:16Z"
"2386","Haiti","https://media.api-sports.io/football/teams/2386.png","174768","A. Pierre","24","12","Goalkeeper","https://media.api-sports.io/football/players/174768.png","2026-05-25T12:16:16Z"
"2386","Haiti","https://media.api-sports.io/football/teams/2386.png","123742","J. Duverger","23","23","Goalkeeper","https://media.api-sports.io/football/players/123742.png","2026-05-25T12:16:16Z"
"2386","Haiti","https://media.api-sports.io/football/teams/2386.png","87789","J. Placide","37","1","Goalkeeper","https://media.api-sports.io/football/players/87789.png","2026-05-25T12:16:16Z"
"2386","Haiti","https://media.api-sports.io/football/teams/2386.png","540857","C. F. Sainte","23","18","Midfielder","https://media.api-sports.io/football/players/540857.png","2026-05-25T12:16:16Z"
"2386","Haiti","https://media.api-sports.io/football/teams/2386.png","338367","D. Jean-Jacques","25","17","Midfielder","https://media.api-sports.io/football/players/338367.png","2026-05-25T12:16:16Z"
"2386","Haiti","https://media.api-sports.io/football/teams/2386.png","194242","D. Simon","25",,"Midfielder","https://media.api-sports.io/football/players/194242.png","2026-05-25T12:16:16Z"
"2386","Haiti","https://media.api-sports.io/football/teams/2386.png","20665","J. Bellegarde","27","10","Midfielder","https://media.api-sports.io/football/players/20665.png","2026-05-25T12:16:16Z"
"2386","Haiti","https://media.api-sports.io/football/teams/2386.png","20538","L. Pierre","27","14","Midfielder","https://media.api-sports.io/football/players/20538.png","2026-05-25T12:16:16Z"
"2386","Haiti","https://media.api-sports.io/football/teams/2386.png","371050","W. Pierre","21","6","Midfielder","https://media.api-sports.io/football/players/371050.png","2026-05-25T12:16:16Z"
"22","Iran","https://media.api-sports.io/football/teams/22.png","29720","A. Alipour","30","8","Attacker","https://media.api-sports.io/football/players/29720.png","2026-05-25T12:16:16Z"
"22","Iran","https://media.api-sports.io/football/teams/22.png","29937","A. Hosseinzadeh","25","10","Attacker","https://media.api-sports.io/football/players/29937.png","2026-05-25T12:16:16Z"
"22","Iran","https://media.api-sports.io/football/teams/22.png","2700","A. Jahanbakhsh","32","7","Attacker","https://media.api-sports.io/football/players/2700.png","2026-05-25T12:16:16Z"
"22","Iran","https://media.api-sports.io/football/teams/22.png","613145","A. Mahmoudi","19",,"Attacker","https://media.api-sports.io/football/players/613145.png","2026-05-25T12:16:16Z"
"22","Iran","https://media.api-sports.io/football/teams/22.png","357029","M. Hashemnejad","24","16","Attacker","https://media.api-sports.io/football/players/357029.png","2026-05-25T12:16:16Z"
"22","Iran","https://media.api-sports.io/football/teams/22.png","134217","M. Mohebi","27","27","Attacker","https://media.api-sports.io/football/players/134217.png","2026-05-25T12:16:16Z"
"22","Iran","https://media.api-sports.io/football/teams/22.png","42315","M. Taremi","33","9","Attacker","https://media.api-sports.io/football/players/42315.png","2026-05-25T12:16:16Z"
"22","Iran","https://media.api-sports.io/football/teams/22.png","89982","S. Moghanlou","31","24","Attacker","https://media.api-sports.io/football/players/89982.png","2026-05-25T12:16:16Z"
"22","Iran","https://media.api-sports.io/football/teams/22.png","532925","A. Abdullayev","19","23","Defender","https://media.api-sports.io/football/players/532925.png","2026-05-25T12:16:16Z"
"22","Iran","https://media.api-sports.io/football/teams/22.png","533035","A. Nemati","29","5","Defender","https://media.api-sports.io/football/players/533035.png","2026-05-25T12:16:16Z"
"22","Iran","https://media.api-sports.io/football/teams/22.png","343405","A. Yousefi","23","18","Defender","https://media.api-sports.io/football/players/343405.png","2026-05-25T12:16:16Z"
"22","Iran","https://media.api-sports.io/football/teams/22.png","2685","E. Hajisafi","35","3","Defender","https://media.api-sports.io/football/players/2685.png","2026-05-25T12:16:16Z"
"22","Iran","https://media.api-sports.io/football/teams/22.png","2687","H. Kanani","31","13","Defender","https://media.api-sports.io/football/players/2687.png","2026-05-25T12:16:16Z"
"22","Iran","https://media.api-sports.io/football/teams/22.png","341844","M. Ghorbani","24","26","Defender","https://media.api-sports.io/football/players/341844.png","2026-05-25T12:16:16Z"
"22","Iran","https://media.api-sports.io/football/teams/22.png","2688","M. Mohammadi","32","5","Defender","https://media.api-sports.io/football/players/2688.png","2026-05-25T12:16:16Z"
"22","Iran","https://media.api-sports.io/football/teams/22.png","2691","R. Rezaeian","35","23","Defender","https://media.api-sports.io/football/players/2691.png","2026-05-25T12:16:16Z"
"22","Iran","https://media.api-sports.io/football/teams/22.png","29704","S. Khalilzadeh","36","4","Defender","https://media.api-sports.io/football/players/29704.png","2026-05-25T12:16:16Z"
"22","Iran","https://media.api-sports.io/football/teams/22.png","136880","Saleh Hardani","27","5","Defender","https://media.api-sports.io/football/players/136880.png","2026-05-25T12:16:16Z"
"22","Iran","https://media.api-sports.io/football/teams/22.png","2682","A. Beiranvand","33","1","Goalkeeper","https://media.api-sports.io/football/players/2682.png","2026-05-25T12:16:16Z"
"22","Iran","https://media.api-sports.io/football/teams/22.png","29755","H. Hosseini","33","22","Goalkeeper","https://media.api-sports.io/football/players/29755.png","2026-05-25T12:16:16Z"
"22","Iran","https://media.api-sports.io/football/teams/22.png","2681","P. Niazmand","30","1","Goalkeeper","https://media.api-sports.io/football/players/2681.png","2026-05-25T12:16:16Z"
"22","Iran","https://media.api-sports.io/football/teams/22.png","8564","A. Gholizadeh","29","11","Midfielder","https://media.api-sports.io/football/players/8564.png","2026-05-25T12:16:16Z"
"22","Iran","https://media.api-sports.io/football/teams/22.png","423753","A. Razzaghinia","19","6","Midfielder","https://media.api-sports.io/football/players/423753.png","2026-05-25T12:16:16Z"
"22","Iran","https://media.api-sports.io/football/teams/22.png","29775","O. Noorafkan","28","21","Midfielder","https://media.api-sports.io/football/players/29775.png","2026-05-25T12:16:16Z"
"22","Iran","https://media.api-sports.io/football/teams/22.png","2699","S. Ghoddos","32","14","Midfielder","https://media.api-sports.io/football/players/2699.png","2026-05-25T12:16:16Z"
"1567","Iraq","https://media.api-sports.io/football/teams/1567.png","542842","A. Y. Hashim","29","13","Attacker","https://media.api-sports.io/football/players/542842.png","2026-05-25T12:16:16Z"
"1567","Iraq","https://media.api-sports.io/football/teams/1567.png","299813","Ali Al Hamadi","23","9","Attacker","https://media.api-sports.io/football/players/299813.png","2026-05-25T12:16:16Z"
"1567","Iraq","https://media.api-sports.io/football/teams/1567.png","49451","Aymen Hussein","29","18","Attacker","https://media.api-sports.io/football/players/49451.png","2026-05-25T12:16:16Z"
"1567","Iraq","https://media.api-sports.io/football/teams/1567.png","542866","H. Abdulkareem","26","11","Attacker","https://media.api-sports.io/football/players/542866.png","2026-05-25T12:16:16Z"
"1567","Iraq","https://media.api-sports.io/football/teams/1567.png","265448","M. Farji","21","21","Attacker","https://media.api-sports.io/football/players/265448.png","2026-05-25T12:16:16Z"
"1567","Iraq","https://media.api-sports.io/football/teams/1567.png","542697","Fan reaction","25","10","Attacker","https://media.api-sports.io/football/players/542697.png","2026-05-25T12:16:16Z"
"1567","Iraq","https://media.api-sports.io/football/teams/1567.png","292253","Ahmed Hasan Al Reeshawee","24","23","Defender","https://media.api-sports.io/football/players/292253.png","2026-05-25T12:16:16Z"
"1567","Iraq","https://media.api-sports.io/football/teams/1567.png","15769","Frans Putros","32","6","Defender","https://media.api-sports.io/football/players/15769.png","2026-05-25T12:16:16Z"
"1567","Iraq","https://media.api-sports.io/football/teams/1567.png","145465","Hussein Ali","23","3","Defender","https://media.api-sports.io/football/players/145465.png","2026-05-25T12:16:16Z"
"1567","Iraq","https://media.api-sports.io/football/teams/1567.png","581495","M. Sadoun","24","21","Defender","https://media.api-sports.io/football/players/581495.png","2026-05-25T12:16:16Z"
"1567","Iraq","https://media.api-sports.io/football/teams/1567.png","271444","Merchas Doski","26","23","Defender","https://media.api-sports.io/football/players/271444.png","2026-05-25T12:16:16Z"
"1567","Iraq","https://media.api-sports.io/football/teams/1567.png","295394","Munaf Younus","29","6","Defender","https://media.api-sports.io/football/players/295394.png","2026-05-25T12:16:16Z"
"1567","Iraq","https://media.api-sports.io/football/teams/1567.png","42261","Rebin Solaka","33","2","Defender","https://media.api-sports.io/football/players/42261.png","2026-05-25T12:16:16Z"
"1567","Iraq","https://media.api-sports.io/football/teams/1567.png","296373","Zayed Tahseen","24","4","Defender","https://media.api-sports.io/football/players/296373.png","2026-05-25T12:16:16Z"
"1567","Iraq","https://media.api-sports.io/football/teams/1567.png","197933","Ahmed Basil","29","22","Goalkeeper","https://media.api-sports.io/football/players/197933.png","2026-05-25T12:16:16Z"
"1567","Iraq","https://media.api-sports.io/football/teams/1567.png","123802","Fahad Talib","31","1","Goalkeeper","https://media.api-sports.io/football/players/123802.png","2026-05-25T12:16:16Z"
"1567","Iraq","https://media.api-sports.io/football/teams/1567.png","453431","Kamil Saad","21","12","Goalkeeper","https://media.api-sports.io/football/players/453431.png","2026-05-25T12:16:16Z"
"1567","Iraq","https://media.api-sports.io/football/teams/1567.png","542644","A. Jasim","21","17","Midfielder","https://media.api-sports.io/football/players/542644.png","2026-05-25T12:16:16Z"
"1567","Iraq","https://media.api-sports.io/football/teams/1567.png","48129","A. Sher","23","20","Midfielder","https://media.api-sports.io/football/players/48129.png","2026-05-25T12:16:16Z"
"1567","Iraq","https://media.api-sports.io/football/teams/1567.png","453073","Akam Rahman","27","5","Midfielder","https://media.api-sports.io/football/players/453073.png","2026-05-25T12:16:16Z"
"1567","Iraq","https://media.api-sports.io/football/teams/1567.png","47792","Amir Al Ammari","28","16","Midfielder","https://media.api-sports.io/football/players/47792.png","2026-05-25T12:16:16Z"
"1567","Iraq","https://media.api-sports.io/football/teams/1567.png","140747","Ibraheem Bayesh","25","8","Midfielder","https://media.api-sports.io/football/players/140747.png","2026-05-25T12:16:16Z"
"1567","Iraq","https://media.api-sports.io/football/teams/1567.png","48025","Kevin Yakob","25","19","Midfielder","https://media.api-sports.io/football/players/48025.png","2026-05-25T12:16:16Z"
"1567","Iraq","https://media.api-sports.io/football/teams/1567.png","282065","Youssef Amyn","22","7","Midfielder","https://media.api-sports.io/football/players/282065.png","2026-05-25T12:16:16Z"
"1567","Iraq","https://media.api-sports.io/football/teams/1567.png","626479","Z. Ismaeel","23","15","Midfielder","https://media.api-sports.io/football/players/626479.png","2026-05-25T12:16:16Z"
"1567","Iraq","https://media.api-sports.io/football/teams/1567.png","284295","Zidane Iqbal","22","14","Midfielder","https://media.api-sports.io/football/players/284295.png","2026-05-25T12:16:16Z"
"1501","Ivory Coast","https://media.api-sports.io/football/teams/1501.png","275651","A. Bonny","22","11","Attacker","https://media.api-sports.io/football/players/275651.png","2026-05-25T12:16:16Z"
"1501","Ivory Coast","https://media.api-sports.io/football/teams/1501.png","157997","A. Diallo","23","15","Attacker","https://media.api-sports.io/football/players/157997.png","2026-05-25T12:16:16Z"
"1501","Ivory Coast","https://media.api-sports.io/football/teams/1501.png","137303","E. Guessand","24","22","Attacker","https://media.api-sports.io/football/players/137303.png","2026-05-25T12:16:16Z"
"1501","Ivory Coast","https://media.api-sports.io/football/teams/1501.png","162707","E. Wahi","22","7","Attacker","https://media.api-sports.io/football/players/162707.png","2026-05-25T12:16:16Z"
"1501","Ivory Coast","https://media.api-sports.io/football/teams/1501.png","3246","N. Pépé","30","19","Attacker","https://media.api-sports.io/football/players/3246.png","2026-05-25T12:16:16Z"
"1501","Ivory Coast","https://media.api-sports.io/football/teams/1501.png","334429","O. Diakité","22","14","Attacker","https://media.api-sports.io/football/players/334429.png","2026-05-25T12:16:16Z"
"1501","Ivory Coast","https://media.api-sports.io/football/teams/1501.png","263228","P. Guiagon","24","14","Attacker","https://media.api-sports.io/football/players/263228.png","2026-05-25T12:16:16Z"
"1501","Ivory Coast","https://media.api-sports.io/football/teams/1501.png","301771","S. Adingra","23","10","Attacker","https://media.api-sports.io/football/players/301771.png","2026-05-25T12:16:16Z"
"1501","Ivory Coast","https://media.api-sports.io/football/teams/1501.png","513776","Y. Diomande","19","26","Attacker","https://media.api-sports.io/football/players/513776.png","2026-05-25T12:16:16Z"
"1501","Ivory Coast","https://media.api-sports.io/football/teams/1501.png","191189","C. Akpa","24","2","Defender","https://media.api-sports.io/football/players/191189.png","2026-05-25T12:16:16Z"
"1501","Ivory Coast","https://media.api-sports.io/football/teams/1501.png","135068","E. Agbadou","28","20","Defender","https://media.api-sports.io/football/players/135068.png","2026-05-25T12:16:16Z"
"1501","Ivory Coast","https://media.api-sports.io/football/teams/1501.png","1807","E. Ndicka","26","21","Defender","https://media.api-sports.io/football/players/1807.png","2026-05-25T12:16:16Z"
"1501","Ivory Coast","https://media.api-sports.io/football/teams/1501.png","161747","G. Doué","23","17","Defender","https://media.api-sports.io/football/players/161747.png","2026-05-25T12:16:16Z"
"1501","Ivory Coast","https://media.api-sports.io/football/teams/1501.png","22002","G. Konan","30","3","Defender","https://media.api-sports.io/football/players/22002.png","2026-05-25T12:16:16Z"
"1501","Ivory Coast","https://media.api-sports.io/football/teams/1501.png","354753","O. Diomande","22","2","Defender","https://media.api-sports.io/football/players/354753.png","2026-05-25T12:16:16Z"
"1501","Ivory Coast","https://media.api-sports.io/football/teams/1501.png","48119","O. Kossounou","24","7","Defender","https://media.api-sports.io/football/players/48119.png","2026-05-25T12:16:16Z"
"1501","Ivory Coast","https://media.api-sports.io/football/teams/1501.png","30504","W. Singo","25","5","Defender","https://media.api-sports.io/football/players/30504.png","2026-05-25T12:16:16Z"
"1501","Ivory Coast","https://media.api-sports.io/football/teams/1501.png","30393","A. Lafont","26","23","Goalkeeper","https://media.api-sports.io/football/players/30393.png","2026-05-25T12:16:16Z"
"1501","Ivory Coast","https://media.api-sports.io/football/teams/1501.png","277046","M. Koné","23","16","Goalkeeper","https://media.api-sports.io/football/players/277046.png","2026-05-25T12:16:16Z"
"1501","Ivory Coast","https://media.api-sports.io/football/teams/1501.png","64190","Y. Fofana","25","1","Goalkeeper","https://media.api-sports.io/football/players/64190.png","2026-05-25T12:16:16Z"
"1501","Ivory Coast","https://media.api-sports.io/football/teams/1501.png","387643","B. Touré","19","24","Midfielder","https://media.api-sports.io/football/players/387643.png","2026-05-25T12:16:16Z"
"1501","Ivory Coast","https://media.api-sports.io/football/teams/1501.png","474591","C. Inao OulaÃ¯","19","19","Midfielder","https://media.api-sports.io/football/players/474591.png","2026-05-25T12:16:16Z"
"1501","Ivory Coast","https://media.api-sports.io/football/teams/1501.png","1642","F. Kessié","29","8","Midfielder","https://media.api-sports.io/football/players/1642.png","2026-05-25T12:16:16Z"
"1501","Ivory Coast","https://media.api-sports.io/football/teams/1501.png","22149","I. Sangaré","28","18","Midfielder","https://media.api-sports.io/football/players/22149.png","2026-05-25T12:16:16Z"
"1501","Ivory Coast","https://media.api-sports.io/football/teams/1501.png","3243","J. Seri","34","4","Midfielder","https://media.api-sports.io/football/players/3243.png","2026-05-25T12:16:16Z"
"1501","Ivory Coast","https://media.api-sports.io/football/teams/1501.png","30807","S. Fofana","30","6","Midfielder","https://media.api-sports.io/football/players/30807.png","2026-05-25T12:16:16Z"
"12","Japan","https://media.api-sports.io/football/teams/12.png","72155","A. Ueda","27","9","Attacker","https://media.api-sports.io/football/players/72155.png","2026-05-25T12:16:16Z"
"12","Japan","https://media.api-sports.io/football/teams/12.png","33224","D. Maeda","28","11","Attacker","https://media.api-sports.io/football/players/33224.png","2026-05-25T12:16:16Z"
"12","Japan","https://media.api-sports.io/football/teams/12.png","1942","J. Ito","32","14","Attacker","https://media.api-sports.io/football/players/1942.png","2026-05-25T12:16:16Z"
"12","Japan","https://media.api-sports.io/football/teams/12.png","375930","K. Goto","20",,"Attacker","https://media.api-sports.io/football/players/375930.png","2026-05-25T12:16:16Z"
"12","Japan","https://media.api-sports.io/football/teams/12.png","422572","K. Shiogai","20","14","Attacker","https://media.api-sports.io/football/players/422572.png","2026-05-25T12:16:16Z"
"12","Japan","https://media.api-sports.io/football/teams/12.png","33321","Keito Nakamura","25","13","Attacker","https://media.api-sports.io/football/players/33321.png","2026-05-25T12:16:16Z"
"12","Japan","https://media.api-sports.io/football/teams/12.png","33289","Koki Ogawa","28","19","Attacker","https://media.api-sports.io/football/players/33289.png","2026-05-25T12:16:16Z"
"12","Japan","https://media.api-sports.io/football/teams/12.png","199143","Y. Suzuki","24","8","Attacker","https://media.api-sports.io/football/players/199143.png","2026-05-25T12:16:16Z"
"12","Japan","https://media.api-sports.io/football/teams/12.png","33165","A. Seko","25","22","Defender","https://media.api-sports.io/football/players/33165.png","2026-05-25T12:16:16Z"
"12","Japan","https://media.api-sports.io/football/teams/12.png","32893","H. Ito","26","21","Defender","https://media.api-sports.io/football/players/32893.png","2026-05-25T12:16:16Z"
"12","Japan","https://media.api-sports.io/football/teams/12.png","351014","J. Suzuki","22","4","Defender","https://media.api-sports.io/football/players/351014.png","2026-05-25T12:16:16Z"
"12","Japan","https://media.api-sports.io/football/teams/12.png","32954","S. Taniguchi","34","3","Defender","https://media.api-sports.io/football/players/32954.png","2026-05-25T12:16:16Z"
"12","Japan","https://media.api-sports.io/football/teams/12.png","2597","T. Tomiyasu","27","22","Defender","https://media.api-sports.io/football/players/2597.png","2026-05-25T12:16:16Z"
"12","Japan","https://media.api-sports.io/football/teams/12.png","32858","T. Watanabe","28","4","Defender","https://media.api-sports.io/football/players/32858.png","2026-05-25T12:16:16Z"
"12","Japan","https://media.api-sports.io/football/teams/12.png","440","Y. Nagatomo","39","5","Defender","https://media.api-sports.io/football/players/440.png","2026-05-25T12:16:16Z"
"12","Japan","https://media.api-sports.io/football/teams/12.png","32887","Y. Sugawara","25","2","Defender","https://media.api-sports.io/football/players/32887.png","2026-05-25T12:16:16Z"
"12","Japan","https://media.api-sports.io/football/teams/12.png","33034","K. Osako","26","1","Goalkeeper","https://media.api-sports.io/football/players/33034.png","2026-05-25T12:16:16Z"
"12","Japan","https://media.api-sports.io/football/teams/12.png","304782","T. Hayakawa","26","12","Goalkeeper","https://media.api-sports.io/football/players/304782.png","2026-05-25T12:16:16Z"
"12","Japan","https://media.api-sports.io/football/teams/12.png","199578","Z. Suzuki","23","1","Goalkeeper","https://media.api-sports.io/football/players/199578.png","2026-05-25T12:16:16Z"
"12","Japan","https://media.api-sports.io/football/teams/12.png","2601","D. Kamada","29","15","Midfielder","https://media.api-sports.io/football/players/2601.png","2026-05-25T12:16:16Z"
"12","Japan","https://media.api-sports.io/football/teams/12.png","33889","K. Sano","25","5","Midfielder","https://media.api-sports.io/football/players/33889.png","2026-05-25T12:16:16Z"
"12","Japan","https://media.api-sports.io/football/teams/12.png","2598","R. Dōan","27","10","Midfielder","https://media.api-sports.io/football/players/2598.png","2026-05-25T12:16:16Z"
"12","Japan","https://media.api-sports.io/football/teams/12.png","33142","S. Tanaka","23","8","Midfielder","https://media.api-sports.io/football/players/33142.png","2026-05-25T12:16:16Z"
"1548","Jordan","https://media.api-sports.io/football/teams/1548.png","575283","A. Azaizeh","21","23","Attacker","https://media.api-sports.io/football/players/575283.png","2026-05-25T12:16:16Z"
"1548","Jordan","https://media.api-sports.io/football/teams/1548.png","53907","Ahmad Ersan","30","10","Attacker","https://media.api-sports.io/football/players/53907.png","2026-05-25T12:16:16Z"
"1548","Jordan","https://media.api-sports.io/football/teams/1548.png","164026","Ali Olwan","25","9","Attacker","https://media.api-sports.io/football/players/164026.png","2026-05-25T12:16:16Z"
"1548","Jordan","https://media.api-sports.io/football/teams/1548.png","53913","Baha&apos; Faisal","30","9","Attacker","https://media.api-sports.io/football/players/53913.png","2026-05-25T12:16:16Z"
"1548","Jordan","https://media.api-sports.io/football/teams/1548.png","432841","Ibrahim Sabra","20","18","Attacker","https://media.api-sports.io/football/players/432841.png","2026-05-25T12:16:16Z"
"1548","Jordan","https://media.api-sports.io/football/teams/1548.png","601853","M. Taha","20","13","Attacker","https://media.api-sports.io/football/players/601853.png","2026-05-25T12:16:16Z"
"1548","Jordan","https://media.api-sports.io/football/teams/1548.png","15286","Mousa Tamari","28","10","Attacker","https://media.api-sports.io/football/players/15286.png","2026-05-25T12:16:16Z"
"1548","Jordan","https://media.api-sports.io/football/teams/1548.png","568556","O. Al Fakhouri","19","10","Attacker","https://media.api-sports.io/football/players/568556.png","2026-05-25T12:16:16Z"
"1548","Jordan","https://media.api-sports.io/football/teams/1548.png","213947","Yazan Al Naimat","26","11","Attacker","https://media.api-sports.io/football/players/213947.png","2026-05-25T12:16:16Z"
"1548","Jordan","https://media.api-sports.io/football/teams/1548.png","543038","A. A. Asad Hajabi","21","3","Defender","https://media.api-sports.io/football/players/543038.png","2026-05-25T12:16:16Z"
"1548","Jordan","https://media.api-sports.io/football/teams/1548.png","310835","Abdallah Naseeb","31","3","Defender","https://media.api-sports.io/football/players/310835.png","2026-05-25T12:16:16Z"
"1548","Jordan","https://media.api-sports.io/football/teams/1548.png","163865","Adham Al Quraishi","30","23","Defender","https://media.api-sports.io/football/players/163865.png","2026-05-25T12:16:16Z"
"1548","Jordan","https://media.api-sports.io/football/teams/1548.png","542855","Ahmad Assaf","26","17","Defender","https://media.api-sports.io/football/players/542855.png","2026-05-25T12:16:16Z"
"1548","Jordan","https://media.api-sports.io/football/teams/1548.png","542822","H. Abu Al Dahab","25","4","Defender","https://media.api-sports.io/football/players/542822.png","2026-05-25T12:16:16Z"
"1548","Jordan","https://media.api-sports.io/football/teams/1548.png","213977","Hadi Al Hourani","25","5","Defender","https://media.api-sports.io/football/players/213977.png","2026-05-25T12:16:16Z"
"1548","Jordan","https://media.api-sports.io/football/teams/1548.png","577714","Issam Smeeri","26","17","Defender","https://media.api-sports.io/football/players/577714.png","2026-05-25T12:16:16Z"
"1548","Jordan","https://media.api-sports.io/football/teams/1548.png","542710","M. Abu Hasheesh","30","2","Defender","https://media.api-sports.io/football/players/542710.png","2026-05-25T12:16:16Z"
"1548","Jordan","https://media.api-sports.io/football/teams/1548.png","102538","M. Abualnadi","24","16","Defender","https://media.api-sports.io/football/players/102538.png","2026-05-25T12:16:16Z"
"1548","Jordan","https://media.api-sports.io/football/teams/1548.png","213978","Saed Al Rosan","28","19","Defender","https://media.api-sports.io/football/players/213978.png","2026-05-25T12:16:16Z"
"1548","Jordan","https://media.api-sports.io/football/teams/1548.png","72140","Saleem Obaid","33","18","Defender","https://media.api-sports.io/football/players/72140.png","2026-05-25T12:16:16Z"
"1548","Jordan","https://media.api-sports.io/football/teams/1548.png","53900","Yazan Al Arab","29","5","Defender","https://media.api-sports.io/football/players/53900.png","2026-05-25T12:16:16Z"
"1548","Jordan","https://media.api-sports.io/football/teams/1548.png","140608","Yousef Abu Al Jazar","26","6","Defender","https://media.api-sports.io/football/players/140608.png","2026-05-25T12:16:16Z"
"1548","Jordan","https://media.api-sports.io/football/teams/1548.png","631554","A. Al Talalga","22","22","Goalkeeper","https://media.api-sports.io/football/players/631554.png","2026-05-25T12:16:16Z"
"1548","Jordan","https://media.api-sports.io/football/teams/1548.png","163884","Abdallah Al Fakhouri","25","22","Goalkeeper","https://media.api-sports.io/football/players/163884.png","2026-05-25T12:16:16Z"
"1548","Jordan","https://media.api-sports.io/football/teams/1548.png","658053","Malek Shalabiya","38","12","Goalkeeper","https://media.api-sports.io/football/players/658053.png","2026-05-25T12:16:16Z"
"1548","Jordan","https://media.api-sports.io/football/teams/1548.png","163908","Noureddin Zaid","32","22","Goalkeeper","https://media.api-sports.io/football/players/163908.png","2026-05-25T12:16:16Z"
"1548","Jordan","https://media.api-sports.io/football/teams/1548.png","140607","Yazid Abu Layla","32","1","Goalkeeper","https://media.api-sports.io/football/players/140607.png","2026-05-25T12:16:16Z"
"1548","Jordan","https://media.api-sports.io/football/teams/1548.png","198211","Amer Jamous","23","6","Midfielder","https://media.api-sports.io/football/players/198211.png","2026-05-25T12:16:16Z"
"1548","Jordan","https://media.api-sports.io/football/teams/1548.png","542768","Ibrahim Sa'deh","25","15","Midfielder","https://media.api-sports.io/football/players/542768.png","2026-05-25T12:16:16Z"
"1548","Jordan","https://media.api-sports.io/football/teams/1548.png","543035","M. Abu Dahab","25","4","Midfielder","https://media.api-sports.io/football/players/543035.png","2026-05-25T12:16:16Z"
"1548","Jordan","https://media.api-sports.io/football/teams/1548.png","651096","M. Al Daoud","33","15","Midfielder","https://media.api-sports.io/football/players/651096.png","2026-05-25T12:16:16Z"
"1548","Jordan","https://media.api-sports.io/football/teams/1548.png","123530","Mahmoud Al Mardi","32","13","Midfielder","https://media.api-sports.io/football/players/123530.png","2026-05-25T12:16:16Z"
"1548","Jordan","https://media.api-sports.io/football/teams/1548.png","72142","Mohammed Abu Zurayq","28","7","Midfielder","https://media.api-sports.io/football/players/72142.png","2026-05-25T12:16:16Z"
"1548","Jordan","https://media.api-sports.io/football/teams/1548.png","310785","Mohannad Abu Taha","22","20","Midfielder","https://media.api-sports.io/football/players/310785.png","2026-05-25T12:16:16Z"
"1548","Jordan","https://media.api-sports.io/football/teams/1548.png","213980","Nizar Al Rashdan","26","21","Midfielder","https://media.api-sports.io/football/players/213980.png","2026-05-25T12:16:16Z"
"1548","Jordan","https://media.api-sports.io/football/teams/1548.png","140609","Noor Al Rawabdeh","28","8","Midfielder","https://media.api-sports.io/football/players/140609.png","2026-05-25T12:16:16Z"
"1548","Jordan","https://media.api-sports.io/football/teams/1548.png","104242","Rajaei Ayed","32","14","Midfielder","https://media.api-sports.io/football/players/104242.png","2026-05-25T12:16:16Z"
"1548","Jordan","https://media.api-sports.io/football/teams/1548.png","618026","Y. Qashi","20","6","Midfielder","https://media.api-sports.io/football/players/618026.png","2026-05-25T12:16:16Z"
"16","Mexico","https://media.api-sports.io/football/teams/16.png","291713","A. González","22","14","Attacker","https://media.api-sports.io/football/players/291713.png","2026-05-25T12:16:16Z"
"16","Mexico","https://media.api-sports.io/football/teams/16.png","35645","Á. Sepúlveda","34","18","Attacker","https://media.api-sports.io/football/players/35645.png","2026-05-25T12:16:16Z"
"16","Mexico","https://media.api-sports.io/football/teams/16.png","2889","A. Vega","28","10","Attacker","https://media.api-sports.io/football/players/2889.png","2026-05-25T12:16:16Z"
"16","Mexico","https://media.api-sports.io/football/teams/16.png","1577","D. Lainez","25","16","Attacker","https://media.api-sports.io/football/players/1577.png","2026-05-25T12:16:16Z"
"16","Mexico","https://media.api-sports.io/football/teams/16.png","6485","G. Berterame","27","17","Attacker","https://media.api-sports.io/football/players/6485.png","2026-05-25T12:16:16Z"
"16","Mexico","https://media.api-sports.io/football/teams/16.png","36088","G. Martínez","30","22","Attacker","https://media.api-sports.io/football/players/36088.png","2026-05-25T12:16:16Z"
"16","Mexico","https://media.api-sports.io/football/teams/16.png","248","H. Lozano","30","22","Attacker","https://media.api-sports.io/football/players/248.png","2026-05-25T12:16:16Z"
"16","Mexico","https://media.api-sports.io/football/teams/16.png","35532","J. Quiñones","28","16","Attacker","https://media.api-sports.io/football/players/35532.png","2026-05-25T12:16:16Z"
"16","Mexico","https://media.api-sports.io/football/teams/16.png","341970","J. Ruvalcaba","24","17","Attacker","https://media.api-sports.io/football/players/341970.png","2026-05-25T12:16:16Z"
"16","Mexico","https://media.api-sports.io/football/teams/16.png","2879","R. Alvarado","27","25","Attacker","https://media.api-sports.io/football/players/2879.png","2026-05-25T12:16:16Z"
"16","Mexico","https://media.api-sports.io/football/teams/16.png","2887","R. Jiménez","34","9","Attacker","https://media.api-sports.io/football/players/2887.png","2026-05-25T12:16:16Z"
"16","Mexico","https://media.api-sports.io/football/teams/16.png","2873","C. Montes","28","3","Defender","https://media.api-sports.io/football/players/2873.png","2026-05-25T12:16:16Z"
"16","Mexico","https://media.api-sports.io/football/teams/16.png","141155","D. Campillo","24",,"Defender","https://media.api-sports.io/football/players/141155.png","2026-05-25T12:16:16Z"
"16","Mexico","https://media.api-sports.io/football/teams/16.png","375586","E.  Águila","23","21","Defender","https://media.api-sports.io/football/players/375586.png","2026-05-25T12:16:16Z"
"16","Mexico","https://media.api-sports.io/football/teams/16.png","362815","E. López","20","2","Defender","https://media.api-sports.io/football/players/362815.png","2026-05-25T12:16:16Z"
"16","Mexico","https://media.api-sports.io/football/teams/16.png","127227","I. Reyes","25","15","Defender","https://media.api-sports.io/football/players/127227.png","2026-05-25T12:16:16Z"
"16","Mexico","https://media.api-sports.io/football/teams/16.png","35773","J. Angulo","27","14","Defender","https://media.api-sports.io/football/players/35773.png","2026-05-25T12:16:16Z"
"16","Mexico","https://media.api-sports.io/football/teams/16.png","2881","J. Gallardo","31","23","Defender","https://media.api-sports.io/football/players/2881.png","2026-05-25T12:16:16Z"
"16","Mexico","https://media.api-sports.io/football/teams/16.png","35524","J. Garza","25",,"Defender","https://media.api-sports.io/football/players/35524.png","2026-05-25T12:16:16Z"
"16","Mexico","https://media.api-sports.io/football/teams/16.png","290059","J. Orozco","23","19","Defender","https://media.api-sports.io/football/players/290059.png","2026-05-25T12:16:16Z"
"16","Mexico","https://media.api-sports.io/football/teams/16.png","2878","J. Sánchez","28","2","Defender","https://media.api-sports.io/football/players/2878.png","2026-05-25T12:16:16Z"
"16","Mexico","https://media.api-sports.io/football/teams/16.png","35544","J. Vásquez","27","5","Defender","https://media.api-sports.io/football/players/35544.png","2026-05-25T12:16:16Z"
"16","Mexico","https://media.api-sports.io/football/teams/16.png","126751","K. Álvarez","26","3","Defender","https://media.api-sports.io/football/players/126751.png","2026-05-25T12:16:16Z"
"16","Mexico","https://media.api-sports.io/football/teams/16.png","35970","L. Romo","30","7","Defender","https://media.api-sports.io/football/players/35970.png","2026-05-25T12:16:16Z"
"16","Mexico","https://media.api-sports.io/football/teams/16.png","390002","M. Chávez","21","20","Defender","https://media.api-sports.io/football/players/390002.png","2026-05-25T12:16:16Z"
"16","Mexico","https://media.api-sports.io/football/teams/16.png","180734","R. Juárez","24","15","Defender","https://media.api-sports.io/football/players/180734.png","2026-05-25T12:16:16Z"
"16","Mexico","https://media.api-sports.io/football/teams/16.png","129943","V. Guzmán","23","22","Defender","https://media.api-sports.io/football/players/129943.png","2026-05-25T12:16:16Z"
"16","Mexico","https://media.api-sports.io/football/teams/16.png","35769","C. Acevedo","29","12","Goalkeeper","https://media.api-sports.io/football/players/35769.png","2026-05-25T12:16:16Z"
"16","Mexico","https://media.api-sports.io/football/teams/16.png","2098","G. Ochoa","40","13","Goalkeeper","https://media.api-sports.io/football/players/2098.png","2026-05-25T12:16:16Z"
"16","Mexico","https://media.api-sports.io/football/teams/16.png","270774","J. Rangel","25","1","Goalkeeper","https://media.api-sports.io/football/players/270774.png","2026-05-25T12:16:16Z"
"16","Mexico","https://media.api-sports.io/football/teams/16.png","35930","L. Malagón","28","1","Goalkeeper","https://media.api-sports.io/football/players/35930.png","2026-05-25T12:16:16Z"
"16","Mexico","https://media.api-sports.io/football/teams/16.png","35573","A. Gutiérrez","25","15","Midfielder","https://media.api-sports.io/football/players/35573.png","2026-05-25T12:16:16Z"
"16","Mexico","https://media.api-sports.io/football/teams/16.png","750","Álvaro Fidalgo","28",,"Midfielder","https://media.api-sports.io/football/players/750.png","2026-05-25T12:16:16Z"
"16","Mexico","https://media.api-sports.io/football/teams/16.png","237060","B. González","22","26","Midfielder","https://media.api-sports.io/football/players/237060.png","2026-05-25T12:16:16Z"
"16","Mexico","https://media.api-sports.io/football/teams/16.png","212233","B. Gutiérrez","22","26","Midfielder","https://media.api-sports.io/football/players/212233.png","2026-05-25T12:16:16Z"
"16","Mexico","https://media.api-sports.io/football/teams/16.png","2888","C. Rodríguez","28","8","Midfielder","https://media.api-sports.io/football/players/2888.png","2026-05-25T12:16:16Z"
"16","Mexico","https://media.api-sports.io/football/teams/16.png","359835","D. García","22","8","Midfielder","https://media.api-sports.io/football/players/359835.png","2026-05-25T12:16:16Z"
"16","Mexico","https://media.api-sports.io/football/teams/16.png","2869","E. Álvarez","28","4","Midfielder","https://media.api-sports.io/football/players/2869.png","2026-05-25T12:16:16Z"
"16","Mexico","https://media.api-sports.io/football/teams/16.png","51068","E. Álvarez","23","20","Midfielder","https://media.api-sports.io/football/players/51068.png","2026-05-25T12:16:16Z"
"16","Mexico","https://media.api-sports.io/football/teams/16.png","266345","É. Lira","25","6","Midfielder","https://media.api-sports.io/football/players/266345.png","2026-05-25T12:16:16Z"
"16","Mexico","https://media.api-sports.io/football/teams/16.png","36093","É. Sánchez","26","14","Midfielder","https://media.api-sports.io/football/players/36093.png","2026-05-25T12:16:16Z"
"16","Mexico","https://media.api-sports.io/football/teams/16.png","167014","F. Ambríz","22","6","Midfielder","https://media.api-sports.io/football/players/167014.png","2026-05-25T12:16:16Z"
"16","Mexico","https://media.api-sports.io/football/teams/16.png","482605","G. Mora","17","19","Midfielder","https://media.api-sports.io/football/players/482605.png","2026-05-25T12:16:16Z"
"16","Mexico","https://media.api-sports.io/football/teams/16.png","426512","Iker Jareth Fimbres Ochoa","20","8","Midfielder","https://media.api-sports.io/football/players/426512.png","2026-05-25T12:16:16Z"
"16","Mexico","https://media.api-sports.io/football/teams/16.png","35716","K. Castañeda","26","9","Midfielder","https://media.api-sports.io/football/players/35716.png","2026-05-25T12:16:16Z"
"16","Mexico","https://media.api-sports.io/football/teams/16.png","35981","M. Ruiz","25","14","Midfielder","https://media.api-sports.io/football/players/35981.png","2026-05-25T12:16:16Z"
"16","Mexico","https://media.api-sports.io/football/teams/16.png","35576","O. Pineda","29","17","Midfielder","https://media.api-sports.io/football/players/35576.png","2026-05-25T12:16:16Z"
"16","Mexico","https://media.api-sports.io/football/teams/16.png","313383","O. Vargas","20","18","Midfielder","https://media.api-sports.io/football/players/313383.png","2026-05-25T12:16:16Z"
"16","Mexico","https://media.api-sports.io/football/teams/16.png","102851","R. Ledezma","25","20","Midfielder","https://media.api-sports.io/football/players/102851.png","2026-05-25T12:16:16Z"
"31","Morocco","https://media.api-sports.io/football/teams/31.png","2722","A. El Kaabi","32","20","Attacker","https://media.api-sports.io/football/players/2722.png","2026-05-25T12:16:16Z"
"31","Morocco","https://media.api-sports.io/football/teams/31.png","181421","A. Ezzalzouli","24","17","Attacker","https://media.api-sports.io/football/players/181421.png","2026-05-25T12:16:16Z"
"31","Morocco","https://media.api-sports.io/football/teams/31.png","336659","C. Talbi","20","21","Attacker","https://media.api-sports.io/football/players/336659.png","2026-05-25T12:16:16Z"
"31","Morocco","https://media.api-sports.io/football/teams/31.png","343320","E. Ben Seghir","20","13","Attacker","https://media.api-sports.io/football/players/343320.png","2026-05-25T12:16:16Z"
"31","Morocco","https://media.api-sports.io/football/teams/31.png","306979","H. Igamane","23","7","Attacker","https://media.api-sports.io/football/players/306979.png","2026-05-25T12:16:16Z"
"31","Morocco","https://media.api-sports.io/football/teams/31.png","290740","Ilias Akhomach","21","16","Attacker","https://media.api-sports.io/football/players/290740.png","2026-05-25T12:16:16Z"
"31","Morocco","https://media.api-sports.io/football/teams/31.png","457101","M. Zabiri","20","21","Attacker","https://media.api-sports.io/football/players/457101.png","2026-05-25T12:16:16Z"
"31","Morocco","https://media.api-sports.io/football/teams/31.png","36579","S. Rahimi","29","9","Attacker","https://media.api-sports.io/football/players/36579.png","2026-05-25T12:16:16Z"
"31","Morocco","https://media.api-sports.io/football/teams/31.png","47422","Y. En-Nesyri","28","19","Attacker","https://media.api-sports.io/football/players/47422.png","2026-05-25T12:16:16Z"
"31","Morocco","https://media.api-sports.io/football/teams/31.png","417830","A. Ait Boudlal","19","27","Defender","https://media.api-sports.io/football/players/417830.png","2026-05-25T12:16:16Z"
"31","Morocco","https://media.api-sports.io/football/teams/31.png","9","A. Hakimi","27","2","Defender","https://media.api-sports.io/football/players/9.png","2026-05-25T12:16:16Z"
"31","Morocco","https://media.api-sports.io/football/teams/31.png","162451","A. Salah-Eddine","24","26","Defender","https://media.api-sports.io/football/players/162451.png","2026-05-25T12:16:16Z"
"31","Morocco","https://media.api-sports.io/football/teams/31.png","278898","C. Riad","22","6","Defender","https://media.api-sports.io/football/players/278898.png","2026-05-25T12:16:16Z"
"31","Morocco","https://media.api-sports.io/football/teams/31.png","396198","I. Baouf","19","4","Defender","https://media.api-sports.io/football/players/396198.png","2026-05-25T12:16:16Z"
"31","Morocco","https://media.api-sports.io/football/teams/31.png","18814","I. Diop","28","3","Defender","https://media.api-sports.io/football/players/18814.png","2026-05-25T12:16:16Z"
"31","Morocco","https://media.api-sports.io/football/teams/31.png","31386","J. El Yamiq","33","18","Defender","https://media.api-sports.io/football/players/31386.png","2026-05-25T12:16:16Z"
"31","Morocco","https://media.api-sports.io/football/teams/31.png","194572","M. Chibi","32","15","Defender","https://media.api-sports.io/football/players/194572.png","2026-05-25T12:16:16Z"
"31","Morocco","https://media.api-sports.io/football/teams/31.png","21694","N. Aguerd","29","5","Defender","https://media.api-sports.io/football/players/21694.png","2026-05-25T12:16:16Z"
"31","Morocco","https://media.api-sports.io/football/teams/31.png","545","N. Mazraoui","28","3","Defender","https://media.api-sports.io/football/players/545.png","2026-05-25T12:16:16Z"
"31","Morocco","https://media.api-sports.io/football/teams/31.png","326183","R. Halhal","22","4","Defender","https://media.api-sports.io/football/players/326183.png","2026-05-25T12:16:16Z"
"31","Morocco","https://media.api-sports.io/football/teams/31.png","127803","S. El Karouani","25","3","Defender","https://media.api-sports.io/football/players/127803.png","2026-05-25T12:16:16Z"
"31","Morocco","https://media.api-sports.io/football/teams/31.png","283252","Z. El Ouahdi","24","11","Defender","https://media.api-sports.io/football/players/283252.png","2026-05-25T12:16:16Z"
"31","Morocco","https://media.api-sports.io/football/teams/31.png","144879","M. Benabid","27","12","Goalkeeper","https://media.api-sports.io/football/players/144879.png","2026-05-25T12:16:16Z"
"31","Morocco","https://media.api-sports.io/football/teams/31.png","294290","M. Harrar","25","22","Goalkeeper","https://media.api-sports.io/football/players/294290.png","2026-05-25T12:16:16Z"
"31","Morocco","https://media.api-sports.io/football/teams/31.png","2702","M. Mohamedi","36","12","Goalkeeper","https://media.api-sports.io/football/players/2702.png","2026-05-25T12:16:16Z"
"31","Morocco","https://media.api-sports.io/football/teams/31.png","2701","Y. Bounou","34","1","Goalkeeper","https://media.api-sports.io/football/players/2701.png","2026-05-25T12:16:16Z"
"31","Morocco","https://media.api-sports.io/football/teams/31.png","129682","A. Adli","25","21","Midfielder","https://media.api-sports.io/football/players/129682.png","2026-05-25T12:16:16Z"
"31","Morocco","https://media.api-sports.io/football/teams/31.png","129678","A. Ounahi","25","8","Midfielder","https://media.api-sports.io/football/players/129678.png","2026-05-25T12:16:16Z"
"31","Morocco","https://media.api-sports.io/football/teams/31.png","340573","B. El Khannouss","21","23","Midfielder","https://media.api-sports.io/football/players/340573.png","2026-05-25T12:16:16Z"
"31","Morocco","https://media.api-sports.io/football/teams/31.png","744","Brahim Díaz","26","10","Midfielder","https://media.api-sports.io/football/players/744.png","2026-05-25T12:16:16Z"
"31","Morocco","https://media.api-sports.io/football/teams/31.png","369544","Gessime Yassine","20","17","Midfielder","https://media.api-sports.io/football/players/369544.png","2026-05-25T12:16:16Z"
"31","Morocco","https://media.api-sports.io/football/teams/31.png","161897","I. Saibari","24","11","Midfielder","https://media.api-sports.io/football/players/161897.png","2026-05-25T12:16:16Z"
"31","Morocco","https://media.api-sports.io/football/teams/31.png","146771","M. Hrimat","31","6","Midfielder","https://media.api-sports.io/football/players/146771.png","2026-05-25T12:16:16Z"
"31","Morocco","https://media.api-sports.io/football/teams/31.png","277003","N. El Aynaoui","24","24","Midfielder","https://media.api-sports.io/football/players/277003.png","2026-05-25T12:16:16Z"
"31","Morocco","https://media.api-sports.io/football/teams/31.png","284071","O. Targhalline","23","14","Midfielder","https://media.api-sports.io/football/players/284071.png","2026-05-25T12:16:16Z"
"31","Morocco","https://media.api-sports.io/football/teams/31.png","396202","Rayane Bounida","19","15","Midfielder","https://media.api-sports.io/football/players/396202.png","2026-05-25T12:16:16Z"
"31","Morocco","https://media.api-sports.io/football/teams/31.png","74","S. Amrabat","29","4","Midfielder","https://media.api-sports.io/football/players/74.png","2026-05-25T12:16:16Z"
"31","Morocco","https://media.api-sports.io/football/teams/31.png","415431","S. El Mourabet","20",,"Midfielder","https://media.api-sports.io/football/players/415431.png","2026-05-25T12:16:16Z"
"31","Morocco","https://media.api-sports.io/football/teams/31.png","146772","Y. Belammari","27","28","Midfielder","https://media.api-sports.io/football/players/146772.png","2026-05-25T12:16:16Z"
"1118","Netherlands","https://media.api-sports.io/football/teams/1118.png","38750","B. Brobbey","23","9","Attacker","https://media.api-sports.io/football/players/38750.png","2026-05-25T12:16:16Z"
"1118","Netherlands","https://media.api-sports.io/football/teams/1118.png","247","C. Gakpo","26","11","Attacker","https://media.api-sports.io/football/players/247.png","2026-05-25T12:16:16Z"
"1118","Netherlands","https://media.api-sports.io/football/teams/1118.png","249","D. Malen","26","18","Attacker","https://media.api-sports.io/football/players/249.png","2026-05-25T12:16:16Z"
"1118","Netherlands","https://media.api-sports.io/football/teams/1118.png","544","N. Lang","26","17","Attacker","https://media.api-sports.io/football/players/544.png","2026-05-25T12:16:16Z"
"1118","Netherlands","https://media.api-sports.io/football/teams/1118.png","25416","W. Weghorst","33","9","Attacker","https://media.api-sports.io/football/players/25416.png","2026-05-25T12:16:16Z"
"1118","Netherlands","https://media.api-sports.io/football/teams/1118.png","226","D. Dumfries","29","22","Defender","https://media.api-sports.io/football/players/226.png","2026-05-25T12:16:16Z"
"1118","Netherlands","https://media.api-sports.io/football/teams/1118.png","341642","J. Hato","19","4","Defender","https://media.api-sports.io/football/players/341642.png","2026-05-25T12:16:16Z"
"1118","Netherlands","https://media.api-sports.io/football/teams/1118.png","38695","J. van Hecke","25","12","Defender","https://media.api-sports.io/football/players/38695.png","2026-05-25T12:16:16Z"
"1118","Netherlands","https://media.api-sports.io/football/teams/1118.png","37143","L. Geertruida","25","2","Defender","https://media.api-sports.io/football/players/37143.png","2026-05-25T12:16:16Z"
"1118","Netherlands","https://media.api-sports.io/football/teams/1118.png","152849","M. van de Ven","24","15","Defender","https://media.api-sports.io/football/players/152849.png","2026-05-25T12:16:16Z"
"1118","Netherlands","https://media.api-sports.io/football/teams/1118.png","18861","N. Aké","30","5","Defender","https://media.api-sports.io/football/players/18861.png","2026-05-25T12:16:16Z"
"1118","Netherlands","https://media.api-sports.io/football/teams/1118.png","194","S. de Vrij","33","6","Defender","https://media.api-sports.io/football/players/194.png","2026-05-25T12:16:16Z"
"1118","Netherlands","https://media.api-sports.io/football/teams/1118.png","290","V. van Dijk","34","4","Defender","https://media.api-sports.io/football/players/290.png","2026-05-25T12:16:16Z"
"1118","Netherlands","https://media.api-sports.io/football/teams/1118.png","129058","B. Verbruggen","23","1","Goalkeeper","https://media.api-sports.io/football/players/129058.png","2026-05-25T12:16:16Z"
"1118","Netherlands","https://media.api-sports.io/football/teams/1118.png","37137","J. Bijlow","27","13","Goalkeeper","https://media.api-sports.io/football/players/37137.png","2026-05-25T12:16:16Z"
"1118","Netherlands","https://media.api-sports.io/football/teams/1118.png","26232","M. Flekken","32","23","Goalkeeper","https://media.api-sports.io/football/players/26232.png","2026-05-25T12:16:16Z"
"1118","Netherlands","https://media.api-sports.io/football/teams/1118.png","152654","J. Frimpong","25","12","Midfielder","https://media.api-sports.io/football/players/152654.png","2026-05-25T12:16:16Z"
"1118","Netherlands","https://media.api-sports.io/football/teams/1118.png","37890","J. Schouten","28","16","Midfielder","https://media.api-sports.io/football/players/37890.png","2026-05-25T12:16:16Z"
"1118","Netherlands","https://media.api-sports.io/football/teams/1118.png","388786","K. Smit","19","8","Midfielder","https://media.api-sports.io/football/players/388786.png","2026-05-25T12:16:16Z"
"1118","Netherlands","https://media.api-sports.io/football/teams/1118.png","314266","L. Valente","22","22","Midfielder","https://media.api-sports.io/football/players/314266.png","2026-05-25T12:16:16Z"
"1118","Netherlands","https://media.api-sports.io/football/teams/1118.png","38747","Q. Timber","24","12","Midfielder","https://media.api-sports.io/football/players/38747.png","2026-05-25T12:16:16Z"
"1118","Netherlands","https://media.api-sports.io/football/teams/1118.png","542","R. Gravenberch","23","8","Midfielder","https://media.api-sports.io/football/players/542.png","2026-05-25T12:16:16Z"
"1118","Netherlands","https://media.api-sports.io/football/teams/1118.png","36899","T. Koopmeiners","27","20","Midfielder","https://media.api-sports.io/football/players/36899.png","2026-05-25T12:16:16Z"
"1118","Netherlands","https://media.api-sports.io/football/teams/1118.png","36902","T. Reijnders","27","14","Midfielder","https://media.api-sports.io/football/players/36902.png","2026-05-25T12:16:16Z"
"1118","Netherlands","https://media.api-sports.io/football/teams/1118.png","162016","X. Simons","22","7","Midfielder","https://media.api-sports.io/football/players/162016.png","2026-05-25T12:16:16Z"
"4673","New Zealand","https://media.api-sports.io/football/teams/4673.png","179856","B. Old","23","19","Attacker","https://media.api-sports.io/football/players/179856.png","2026-05-25T12:16:16Z"
"4673","New Zealand","https://media.api-sports.io/football/teams/4673.png","6938","B. Waine","24","18","Attacker","https://media.api-sports.io/football/players/6938.png","2026-05-25T12:16:16Z"
"4673","New Zealand","https://media.api-sports.io/football/teams/4673.png","18931","C. Wood","34","9","Attacker","https://media.api-sports.io/football/players/18931.png","2026-05-25T12:16:16Z"
"4673","New Zealand","https://media.api-sports.io/football/teams/4673.png","94333","E. Just","25","11","Attacker","https://media.api-sports.io/football/players/94333.png","2026-05-25T12:16:16Z"
"4673","New Zealand","https://media.api-sports.io/football/teams/4673.png","158688","J. Randall","23","14","Attacker","https://media.api-sports.io/football/players/158688.png","2026-05-25T12:16:16Z"
"4673","New Zealand","https://media.api-sports.io/football/teams/4673.png","6865","K. Barbarouses","35","17","Attacker","https://media.api-sports.io/football/players/6865.png","2026-05-25T12:16:16Z"
"4673","New Zealand","https://media.api-sports.io/football/teams/4673.png","6932","C. Elliot","26","17","Defender","https://media.api-sports.io/football/players/6932.png","2026-05-25T12:16:16Z"
"4673","New Zealand","https://media.api-sports.io/football/teams/4673.png","94405","F. de Vries","31","21","Defender","https://media.api-sports.io/football/players/94405.png","2026-05-25T12:16:16Z"
"4673","New Zealand","https://media.api-sports.io/football/teams/4673.png","210165","F. Surman","22","5","Defender","https://media.api-sports.io/football/players/210165.png","2026-05-25T12:16:16Z"
"4673","New Zealand","https://media.api-sports.io/football/teams/4673.png","6931","L. Cacace","25","13","Defender","https://media.api-sports.io/football/players/6931.png","2026-05-25T12:16:16Z"
"4673","New Zealand","https://media.api-sports.io/football/teams/4673.png","51149","M. Boxall","37","5","Defender","https://media.api-sports.io/football/players/51149.png","2026-05-25T12:16:16Z"
"4673","New Zealand","https://media.api-sports.io/football/teams/4673.png","94344","N. Pijnaker","26","3","Defender","https://media.api-sports.io/football/players/94344.png","2026-05-25T12:16:16Z"
"4673","New Zealand","https://media.api-sports.io/football/teams/4673.png","94346","T. Payne","31","2","Defender","https://media.api-sports.io/football/players/94346.png","2026-05-25T12:16:16Z"
"4673","New Zealand","https://media.api-sports.io/football/teams/4673.png","51307","T. Smith","35","15","Defender","https://media.api-sports.io/football/players/51307.png","2026-05-25T12:16:16Z"
"4673","New Zealand","https://media.api-sports.io/football/teams/4673.png","430835","Tyler Bindon","20","4","Defender","https://media.api-sports.io/football/players/430835.png","2026-05-25T12:16:16Z"
"4673","New Zealand","https://media.api-sports.io/football/teams/4673.png","94360","A. Paulsen","23","12","Goalkeeper","https://media.api-sports.io/football/players/94360.png","2026-05-25T12:16:16Z"
"4673","New Zealand","https://media.api-sports.io/football/teams/4673.png","18110","M. Crocombe","32","1","Goalkeeper","https://media.api-sports.io/football/players/18110.png","2026-05-25T12:16:16Z"
"4673","New Zealand","https://media.api-sports.io/football/teams/4673.png","36777","M. Woud","26","1","Goalkeeper","https://media.api-sports.io/football/players/36777.png","2026-05-25T12:16:16Z"
"4673","New Zealand","https://media.api-sports.io/football/teams/4673.png","6934","A. Rufer","29","16","Midfielder","https://media.api-sports.io/football/players/6934.png","2026-05-25T12:16:16Z"
"4673","New Zealand","https://media.api-sports.io/football/teams/4673.png","94322","C. McCowatt","26","20","Midfielder","https://media.api-sports.io/football/players/94322.png","2026-05-25T12:16:16Z"
"4673","New Zealand","https://media.api-sports.io/football/teams/4673.png","94541","J. Bell","26","6","Midfielder","https://media.api-sports.io/football/players/94541.png","2026-05-25T12:16:16Z"
"4673","New Zealand","https://media.api-sports.io/football/teams/4673.png","405957","L. Bayliss","23","17","Midfielder","https://media.api-sports.io/football/players/405957.png","2026-05-25T12:16:16Z"
"4673","New Zealand","https://media.api-sports.io/football/teams/4673.png","180455","M. Garbett","23","7","Midfielder","https://media.api-sports.io/football/players/180455.png","2026-05-25T12:16:16Z"
"4673","New Zealand","https://media.api-sports.io/football/teams/4673.png","179862","M. Stamenić","23","8","Midfielder","https://media.api-sports.io/football/players/179862.png","2026-05-25T12:16:16Z"
"4673","New Zealand","https://media.api-sports.io/football/teams/4673.png","242","R. Thomas","31","14","Midfielder","https://media.api-sports.io/football/players/242.png","2026-05-25T12:16:16Z"
"4673","New Zealand","https://media.api-sports.io/football/teams/4673.png","6935","S. Singh","26","10","Midfielder","https://media.api-sports.io/football/players/6935.png","2026-05-25T12:16:16Z"
"1090","Norway","https://media.api-sports.io/football/teams/1090.png","314511","A. Nusa","20","20","Attacker","https://media.api-sports.io/football/players/314511.png","2026-05-25T12:16:16Z"
"1090","Norway","https://media.api-sports.io/football/teams/1090.png","301528","A. Schjelderup","21","10","Attacker","https://media.api-sports.io/football/players/301528.png","2026-05-25T12:16:16Z"
"1090","Norway","https://media.api-sports.io/football/teams/1090.png","8492","A. Sørloth","30","7","Attacker","https://media.api-sports.io/football/players/8492.png","2026-05-25T12:16:16Z"
"1090","Norway","https://media.api-sports.io/football/teams/1090.png","1100","E. Haaland","25","9","Attacker","https://media.api-sports.io/football/players/1100.png","2026-05-25T12:16:16Z"
"1090","Norway","https://media.api-sports.io/football/teams/1090.png","39073","J. Hauge","26","15","Attacker","https://media.api-sports.io/football/players/39073.png","2026-05-25T12:16:16Z"
"1090","Norway","https://media.api-sports.io/football/teams/1090.png","2032","J. Strand Larsen","25","11","Attacker","https://media.api-sports.io/football/players/2032.png","2026-05-25T12:16:16Z"
"1090","Norway","https://media.api-sports.io/football/teams/1090.png","265782","D. Møller Wolfe","23","5","Defender","https://media.api-sports.io/football/players/265782.png","2026-05-25T12:16:16Z"
"1090","Norway","https://media.api-sports.io/football/teams/1090.png","39058","F. Bjørkan","27","15","Defender","https://media.api-sports.io/football/players/39058.png","2026-05-25T12:16:16Z"
"1090","Norway","https://media.api-sports.io/football/teams/1090.png","180937","H. Falchener","22",,"Defender","https://media.api-sports.io/football/players/180937.png","2026-05-25T12:16:16Z"
"1090","Norway","https://media.api-sports.io/football/teams/1090.png","24845","J. Ryerson","28","14","Defender","https://media.api-sports.io/football/players/24845.png","2026-05-25T12:16:16Z"
"1090","Norway","https://media.api-sports.io/football/teams/1090.png","1119","K. Ajer","27","3","Defender","https://media.api-sports.io/football/players/1119.png","2026-05-25T12:16:16Z"
"1090","Norway","https://media.api-sports.io/football/teams/1090.png","18967","L. Østigård","26","4","Defender","https://media.api-sports.io/football/players/18967.png","2026-05-25T12:16:16Z"
"1090","Norway","https://media.api-sports.io/football/teams/1090.png","39362","M. Pedersen","25","16","Defender","https://media.api-sports.io/football/players/39362.png","2026-05-25T12:16:16Z"
"1090","Norway","https://media.api-sports.io/football/teams/1090.png","39083","O. Bjørtuft","27","4","Defender","https://media.api-sports.io/football/players/39083.png","2026-05-25T12:16:16Z"
"1090","Norway","https://media.api-sports.io/football/teams/1090.png","39254","T. Heggem","26","17","Defender","https://media.api-sports.io/football/players/39254.png","2026-05-25T12:16:16Z"
"1090","Norway","https://media.api-sports.io/football/teams/1090.png","39082","E. Selvik","28","13","Goalkeeper","https://media.api-sports.io/football/players/39082.png","2026-05-25T12:16:16Z"
"1090","Norway","https://media.api-sports.io/football/teams/1090.png","19172","Ø. Nyland","35","1","Goalkeeper","https://media.api-sports.io/football/players/19172.png","2026-05-25T12:16:16Z"
"1090","Norway","https://media.api-sports.io/football/teams/1090.png","39325","V. Myhra","29","13","Goalkeeper","https://media.api-sports.io/football/players/39325.png","2026-05-25T12:16:16Z"
"1090","Norway","https://media.api-sports.io/football/teams/1090.png","39066","F. Myhre","26","16","Midfielder","https://media.api-sports.io/football/players/39066.png","2026-05-25T12:16:16Z"
"1090","Norway","https://media.api-sports.io/football/teams/1090.png","39143","K. Thorstvedt","26","18","Midfielder","https://media.api-sports.io/football/players/39143.png","2026-05-25T12:16:16Z"
"1090","Norway","https://media.api-sports.io/football/teams/1090.png","36980","M. Thorsby","29","2","Midfielder","https://media.api-sports.io/football/players/36980.png","2026-05-25T12:16:16Z"
"1090","Norway","https://media.api-sports.io/football/teams/1090.png","278133","Oscar Bobb","22","22","Midfielder","https://media.api-sports.io/football/players/278133.png","2026-05-25T12:16:16Z"
"1090","Norway","https://media.api-sports.io/football/teams/1090.png","39064","P. Berg","28","6","Midfielder","https://media.api-sports.io/football/players/39064.png","2026-05-25T12:16:16Z"
"1090","Norway","https://media.api-sports.io/football/teams/1090.png","1934","S. Berge","27","8","Midfielder","https://media.api-sports.io/football/players/1934.png","2026-05-25T12:16:16Z"
"11","Panama","https://media.api-sports.io/football/teams/11.png","2981","A. Arroyo","32","18","Attacker","https://media.api-sports.io/football/players/2981.png","2026-05-25T12:16:16Z"
"11","Panama","https://media.api-sports.io/football/teams/11.png","2978","A. Quintero","38","19","Attacker","https://media.api-sports.io/football/players/2978.png","2026-05-25T12:16:16Z"
"11","Panama","https://media.api-sports.io/football/teams/11.png","51648","C. Waterman","34","18","Attacker","https://media.api-sports.io/football/players/51648.png","2026-05-25T12:16:16Z"
"11","Panama","https://media.api-sports.io/football/teams/11.png","57875","C. Yanis","29","21","Attacker","https://media.api-sports.io/football/players/57875.png","2026-05-25T12:16:16Z"
"11","Panama","https://media.api-sports.io/football/teams/11.png","535837","G. Herbert","20","10","Attacker","https://media.api-sports.io/football/players/535837.png","2026-05-25T12:16:16Z"
"11","Panama","https://media.api-sports.io/football/teams/11.png","445633","G. Herrera","20","9","Attacker","https://media.api-sports.io/football/players/445633.png","2026-05-25T12:16:16Z"
"11","Panama","https://media.api-sports.io/football/teams/11.png","305698","H. Hurtado","27",,"Attacker","https://media.api-sports.io/football/players/305698.png","2026-05-25T12:16:16Z"
"11","Panama","https://media.api-sports.io/football/teams/11.png","96615","I. Díaz","28","10","Attacker","https://media.api-sports.io/football/players/96615.png","2026-05-25T12:16:16Z"
"11","Panama","https://media.api-sports.io/football/teams/11.png","2983","J. Fajardo","32","17","Attacker","https://media.api-sports.io/football/players/2983.png","2026-05-25T12:16:16Z"
"11","Panama","https://media.api-sports.io/football/teams/11.png","39612","J. Murillo","30","13","Attacker","https://media.api-sports.io/football/players/39612.png","2026-05-25T12:16:16Z"
"11","Panama","https://media.api-sports.io/football/teams/11.png","544681","K. Barria","18",,"Attacker","https://media.api-sports.io/football/players/544681.png","2026-05-25T12:16:16Z"
"11","Panama","https://media.api-sports.io/football/teams/11.png","336526","K. Lenis","24","13","Attacker","https://media.api-sports.io/football/players/336526.png","2026-05-25T12:16:16Z"
"11","Panama","https://media.api-sports.io/football/teams/11.png","2982","O. Browne","31","21","Attacker","https://media.api-sports.io/football/players/2982.png","2026-05-25T12:16:16Z"
"11","Panama","https://media.api-sports.io/football/teams/11.png","46855","Y. Bárcenas","32","11","Attacker","https://media.api-sports.io/football/players/46855.png","2026-05-25T12:16:16Z"
"11","Panama","https://media.api-sports.io/football/teams/11.png","7197","A. Andrade","27","16","Defender","https://media.api-sports.io/football/players/7197.png","2026-05-25T12:16:16Z"
"11","Panama","https://media.api-sports.io/football/teams/11.png","2973","A. Murillo","29","23","Defender","https://media.api-sports.io/football/players/2973.png","2026-05-25T12:16:16Z"
"11","Panama","https://media.api-sports.io/football/teams/11.png","2975","C. Blackman","27","2","Defender","https://media.api-sports.io/football/players/2975.png","2026-05-25T12:16:16Z"
"11","Panama","https://media.api-sports.io/football/teams/11.png","71230","C. Harvey","25","14","Defender","https://media.api-sports.io/football/players/71230.png","2026-05-25T12:16:16Z"
"11","Panama","https://media.api-sports.io/football/teams/11.png","2970","É. Davis","34","15","Defender","https://media.api-sports.io/football/players/2970.png","2026-05-25T12:16:16Z"
"11","Panama","https://media.api-sports.io/football/teams/11.png","328148","E. Fariña","24","5","Defender","https://media.api-sports.io/football/players/328148.png","2026-05-25T12:16:16Z"
"11","Panama","https://media.api-sports.io/football/teams/11.png","57739","J. Córdoba","24","3","Defender","https://media.api-sports.io/football/players/57739.png","2026-05-25T12:16:16Z"
"11","Panama","https://media.api-sports.io/football/teams/11.png","57803","J. Gutiérrez","27","23","Defender","https://media.api-sports.io/football/players/57803.png","2026-05-25T12:16:16Z"
"11","Panama","https://media.api-sports.io/football/teams/11.png","535861","J. Hall","19","14","Defender","https://media.api-sports.io/football/players/535861.png","2026-05-25T12:16:16Z"
"11","Panama","https://media.api-sports.io/football/teams/11.png","57667","J. Ramos","28","3","Defender","https://media.api-sports.io/football/players/57667.png","2026-05-25T12:16:16Z"
"11","Panama","https://media.api-sports.io/football/teams/11.png","577841","J. Rivera","27",,"Defender","https://media.api-sports.io/football/players/577841.png","2026-05-25T12:16:16Z"
"11","Panama","https://media.api-sports.io/football/teams/11.png","57775","K. Galván","29","6","Defender","https://media.api-sports.io/football/players/57775.png","2026-05-25T12:16:16Z"
"11","Panama","https://media.api-sports.io/football/teams/11.png","407597","M. Krug","19","13","Defender","https://media.api-sports.io/football/players/407597.png","2026-05-25T12:16:16Z"
"11","Panama","https://media.api-sports.io/football/teams/11.png","57728","O. Córdoba","31","4","Defender","https://media.api-sports.io/football/players/57728.png","2026-05-25T12:16:16Z"
"11","Panama","https://media.api-sports.io/football/teams/11.png","304057","O. Davis","23","20","Defender","https://media.api-sports.io/football/players/304057.png","2026-05-25T12:16:16Z"
"11","Panama","https://media.api-sports.io/football/teams/11.png","81659","R. Miller","33","25","Defender","https://media.api-sports.io/football/players/81659.png","2026-05-25T12:16:16Z"
"11","Panama","https://media.api-sports.io/football/teams/11.png","57890","R. Peralta","32","5","Defender","https://media.api-sports.io/football/players/57890.png","2026-05-25T12:16:16Z"
"11","Panama","https://media.api-sports.io/football/teams/11.png","57861","C. Samudio","31","12","Goalkeeper","https://media.api-sports.io/football/players/57861.png","2026-05-25T12:16:16Z"
"11","Panama","https://media.api-sports.io/football/teams/11.png","57725","E. Roberts","31","1","Goalkeeper","https://media.api-sports.io/football/players/57725.png","2026-05-25T12:16:16Z"
"11","Panama","https://media.api-sports.io/football/teams/11.png","458846","JD Gunn","25","12","Goalkeeper","https://media.api-sports.io/football/players/458846.png","2026-05-25T12:16:16Z"
"11","Panama","https://media.api-sports.io/football/teams/11.png","2967","L. Mejía","34","1","Goalkeeper","https://media.api-sports.io/football/players/2967.png","2026-05-25T12:16:16Z"
"11","Panama","https://media.api-sports.io/football/teams/11.png","2968","O. Mosquera","31","22","Goalkeeper","https://media.api-sports.io/football/players/2968.png","2026-05-25T12:16:16Z"
"11","Panama","https://media.api-sports.io/football/teams/11.png","325468","Á. Caicedo","26",,"Midfielder","https://media.api-sports.io/football/players/325468.png","2026-05-25T12:16:16Z"
"11","Panama","https://media.api-sports.io/football/teams/11.png","57807","A. Carrasquilla","27","8","Midfielder","https://media.api-sports.io/football/players/57807.png","2026-05-25T12:16:16Z"
"11","Panama","https://media.api-sports.io/football/teams/11.png","2977","A. Godoy","35","20","Midfielder","https://media.api-sports.io/football/players/2977.png","2026-05-25T12:16:16Z"
"11","Panama","https://media.api-sports.io/football/teams/11.png","535870","A. Knight","23","6","Midfielder","https://media.api-sports.io/football/players/535870.png","2026-05-25T12:16:16Z"
"11","Panama","https://media.api-sports.io/football/teams/11.png","554208","C. Martinez","28","6","Midfielder","https://media.api-sports.io/football/players/554208.png","2026-05-25T12:16:16Z"
"11","Panama","https://media.api-sports.io/football/teams/11.png","153384","D. Aparicio","25",,"Midfielder","https://media.api-sports.io/football/players/153384.png","2026-05-25T12:16:16Z"
"11","Panama","https://media.api-sports.io/football/teams/11.png","337359","E. Cedeño","22","13","Midfielder","https://media.api-sports.io/football/players/337359.png","2026-05-25T12:16:16Z"
"11","Panama","https://media.api-sports.io/football/teams/11.png","2979","J. Rodríguez","27","7","Midfielder","https://media.api-sports.io/football/players/2979.png","2026-05-25T12:16:16Z"
"11","Panama","https://media.api-sports.io/football/teams/11.png","57904","J. Welch","26","14","Midfielder","https://media.api-sports.io/football/players/57904.png","2026-05-25T12:16:16Z"
"11","Panama","https://media.api-sports.io/football/teams/11.png","635194","M. Sanchez","36","8","Midfielder","https://media.api-sports.io/football/players/635194.png","2026-05-25T12:16:16Z"
"11","Panama","https://media.api-sports.io/football/teams/11.png","199464","R. Phillips","24","7","Midfielder","https://media.api-sports.io/football/players/199464.png","2026-05-25T12:16:16Z"
"2380","Paraguay","https://media.api-sports.io/football/teams/2380.png","95460","A. Arce","30","18","Attacker","https://media.api-sports.io/football/players/95460.png","2026-05-25T12:16:16Z"
"2380","Paraguay","https://media.api-sports.io/football/teams/2380.png","2522","A. Sanabria","29","9","Attacker","https://media.api-sports.io/football/players/2522.png","2026-05-25T12:16:16Z"
"2380","Paraguay","https://media.api-sports.io/football/teams/2380.png","6483","G. Ávalos","35","19","Attacker","https://media.api-sports.io/football/players/6483.png","2026-05-25T12:16:16Z"
"2380","Paraguay","https://media.api-sports.io/football/teams/2380.png","119128","G. Caballero","24","17","Attacker","https://media.api-sports.io/football/players/119128.png","2026-05-25T12:16:16Z"
"2380","Paraguay","https://media.api-sports.io/football/teams/2380.png","2507","M. Almirón","31","10","Attacker","https://media.api-sports.io/football/players/2507.png","2026-05-25T12:16:16Z"
"2380","Paraguay","https://media.api-sports.io/football/teams/2380.png","70723","A. Benítez","31","13","Defender","https://media.api-sports.io/football/players/70723.png","2026-05-25T12:16:16Z"
"2380","Paraguay","https://media.api-sports.io/football/teams/2380.png","425020","A. Maidana","20","4","Defender","https://media.api-sports.io/football/players/425020.png","2026-05-25T12:16:16Z"
"2380","Paraguay","https://media.api-sports.io/football/teams/2380.png","475598","D. León","18","4","Defender","https://media.api-sports.io/football/players/475598.png","2026-05-25T12:16:16Z"
"2380","Paraguay","https://media.api-sports.io/football/teams/2380.png","2500","F. Balbuena","34","5","Defender","https://media.api-sports.io/football/players/2500.png","2026-05-25T12:16:16Z"
"2380","Paraguay","https://media.api-sports.io/football/teams/2380.png","2502","G. Gómez","32","15","Defender","https://media.api-sports.io/football/players/2502.png","2026-05-25T12:16:16Z"
"2380","Paraguay","https://media.api-sports.io/football/teams/2380.png","35808","G. Velázquez","34","2","Defender","https://media.api-sports.io/football/players/35808.png","2026-05-25T12:16:16Z"
"2380","Paraguay","https://media.api-sports.io/football/teams/2380.png","2499","J. Alonso","32","6","Defender","https://media.api-sports.io/football/players/2499.png","2026-05-25T12:16:16Z"
"2380","Paraguay","https://media.api-sports.io/football/teams/2380.png","195992","J. Cáceres","25","4","Defender","https://media.api-sports.io/football/players/195992.png","2026-05-25T12:16:16Z"
"2380","Paraguay","https://media.api-sports.io/football/teams/2380.png","6168","O. Alderete","29","3","Defender","https://media.api-sports.io/football/players/6168.png","2026-05-25T12:16:16Z"
"2380","Paraguay","https://media.api-sports.io/football/teams/2380.png","51733","G. Olveira","32","1","Goalkeeper","https://media.api-sports.io/football/players/51733.png","2026-05-25T12:16:16Z"
"2380","Paraguay","https://media.api-sports.io/football/teams/2380.png","70852","O. Gill","25","22","Goalkeeper","https://media.api-sports.io/football/players/70852.png","2026-05-25T12:16:16Z"
"2380","Paraguay","https://media.api-sports.io/football/teams/2380.png","535737","R. Fernandez","37","12","Goalkeeper","https://media.api-sports.io/football/players/535737.png","2026-05-25T12:16:16Z"
"2380","Paraguay","https://media.api-sports.io/football/teams/2380.png","2514","A. Romero","30","10","Midfielder","https://media.api-sports.io/football/players/2514.png","2026-05-25T12:16:16Z"
"2380","Paraguay","https://media.api-sports.io/football/teams/2380.png","70767","B. Ojeda","25","20","Midfielder","https://media.api-sports.io/football/players/70767.png","2026-05-25T12:16:16Z"
"2380","Paraguay","https://media.api-sports.io/football/teams/2380.png","195107","D. Bobadilla","24","16","Midfielder","https://media.api-sports.io/football/players/195107.png","2026-05-25T12:16:16Z"
"2380","Paraguay","https://media.api-sports.io/football/teams/2380.png","278370","D. Gómez","22","8","Midfielder","https://media.api-sports.io/football/players/278370.png","2026-05-25T12:16:16Z"
"2380","Paraguay","https://media.api-sports.io/football/teams/2380.png","70732","J. Canale","29",,"Midfielder","https://media.api-sports.io/football/players/70732.png","2026-05-25T12:16:16Z"
"2380","Paraguay","https://media.api-sports.io/football/teams/2380.png","70747","J. Enciso","21","19","Midfielder","https://media.api-sports.io/football/players/70747.png","2026-05-25T12:16:16Z"
"2380","Paraguay","https://media.api-sports.io/football/teams/2380.png","363117","L. Romero","23","13","Midfielder","https://media.api-sports.io/football/players/363117.png","2026-05-25T12:16:16Z"
"2380","Paraguay","https://media.api-sports.io/football/teams/2380.png","305832","M. Galarza","23","23","Midfielder","https://media.api-sports.io/football/players/305832.png","2026-05-25T12:16:16Z"
"2380","Paraguay","https://media.api-sports.io/football/teams/2380.png","106485","Maurício","24","20","Midfielder","https://media.api-sports.io/football/players/106485.png","2026-05-25T12:16:16Z"
"2380","Paraguay","https://media.api-sports.io/football/teams/2380.png","196298","R. Sosa","26","7","Midfielder","https://media.api-sports.io/football/players/196298.png","2026-05-25T12:16:16Z"
"27","Portugal","https://media.api-sports.io/football/teams/27.png","161585","Francisco Conceição","23","19","Attacker","https://media.api-sports.io/football/players/161585.png","2026-05-25T12:16:16Z"
"27","Portugal","https://media.api-sports.io/football/teams/27.png","925","Gonçalo Guedes","29","17","Attacker","https://media.api-sports.io/football/players/925.png","2026-05-25T12:16:16Z"
"27","Portugal","https://media.api-sports.io/football/teams/27.png","41585","Gonçalo Ramos","24","9","Attacker","https://media.api-sports.io/football/players/41585.png","2026-05-25T12:16:16Z"
"27","Portugal","https://media.api-sports.io/football/teams/27.png","583","João Félix","26","11","Attacker","https://media.api-sports.io/football/players/583.png","2026-05-25T12:16:16Z"
"27","Portugal","https://media.api-sports.io/football/teams/27.png","41111","Paulinho","33","9","Attacker","https://media.api-sports.io/football/players/41111.png","2026-05-25T12:16:16Z"
"27","Portugal","https://media.api-sports.io/football/teams/27.png","1864","Pedro Neto","25","18","Attacker","https://media.api-sports.io/football/players/1864.png","2026-05-25T12:16:16Z"
"27","Portugal","https://media.api-sports.io/football/teams/27.png","41103","Ricardo Horta","31","15","Attacker","https://media.api-sports.io/football/players/41103.png","2026-05-25T12:16:16Z"
"27","Portugal","https://media.api-sports.io/football/teams/27.png","41112","Trincão","26","16","Attacker","https://media.api-sports.io/football/players/41112.png","2026-05-25T12:16:16Z"
"27","Portugal","https://media.api-sports.io/football/teams/27.png","331832","António Silva","22","4","Defender","https://media.api-sports.io/football/players/331832.png","2026-05-25T12:16:16Z"
"27","Portugal","https://media.api-sports.io/football/teams/27.png","886","Diogo Dalot","26","5","Defender","https://media.api-sports.io/football/players/886.png","2026-05-25T12:16:16Z"
"27","Portugal","https://media.api-sports.io/football/teams/27.png","265595","Gonçalo Inácio","24","14","Defender","https://media.api-sports.io/football/players/265595.png","2026-05-25T12:16:16Z"
"27","Portugal","https://media.api-sports.io/football/teams/27.png","855","João Cancelo","31","20","Defender","https://media.api-sports.io/football/players/855.png","2026-05-25T12:16:16Z"
"27","Portugal","https://media.api-sports.io/football/teams/27.png","263482","Nuno Mendes","23","19","Defender","https://media.api-sports.io/football/players/263482.png","2026-05-25T12:16:16Z"
"27","Portugal","https://media.api-sports.io/football/teams/27.png","336671","Renato Veiga","22","13","Defender","https://media.api-sports.io/football/players/336671.png","2026-05-25T12:16:16Z"
"27","Portugal","https://media.api-sports.io/football/teams/27.png","161939","Tomás Araújo","23","3","Defender","https://media.api-sports.io/football/players/161939.png","2026-05-25T12:16:16Z"
"27","Portugal","https://media.api-sports.io/football/teams/27.png","1590","José Sá","32","12","Goalkeeper","https://media.api-sports.io/football/players/1590.png","2026-05-25T12:16:16Z"
"27","Portugal","https://media.api-sports.io/football/teams/27.png","41960","Ricardo Velho","27","12","Goalkeeper","https://media.api-sports.io/football/players/41960.png","2026-05-25T12:16:16Z"
"27","Portugal","https://media.api-sports.io/football/teams/27.png","46672","Rui Silva","31","22","Goalkeeper","https://media.api-sports.io/football/players/46672.png","2026-05-25T12:16:16Z"
"27","Portugal","https://media.api-sports.io/football/teams/27.png","1485","Bruno Fernandes","31","8","Midfielder","https://media.api-sports.io/football/players/1485.png","2026-05-25T12:16:16Z"
"27","Portugal","https://media.api-sports.io/football/teams/27.png","335051","João Neves","21","15","Midfielder","https://media.api-sports.io/football/players/335051.png","2026-05-25T12:16:16Z"
"27","Portugal","https://media.api-sports.io/football/teams/27.png","336585","Mateus Fernandes","21","8","Midfielder","https://media.api-sports.io/football/players/336585.png","2026-05-25T12:16:16Z"
"27","Portugal","https://media.api-sports.io/football/teams/27.png","41621","Matheus Nunes","27","18","Midfielder","https://media.api-sports.io/football/players/41621.png","2026-05-25T12:16:16Z"
"27","Portugal","https://media.api-sports.io/football/teams/27.png","18748","Pote","27","17","Midfielder","https://media.api-sports.io/football/players/18748.png","2026-05-25T12:16:16Z"
"27","Portugal","https://media.api-sports.io/football/teams/27.png","2676","Rúben Neves","28","21","Midfielder","https://media.api-sports.io/football/players/2676.png","2026-05-25T12:16:16Z"
"27","Portugal","https://media.api-sports.io/football/teams/27.png","190485","Samú Costa","25","6","Midfielder","https://media.api-sports.io/football/players/190485.png","2026-05-25T12:16:16Z"
"27","Portugal","https://media.api-sports.io/football/teams/27.png","128384","Vitinha","25","23","Midfielder","https://media.api-sports.io/football/players/128384.png","2026-05-25T12:16:16Z"
"1569","Qatar","https://media.api-sports.io/football/teams/1569.png","2542","Ahmed Alaa","32","7","Attacker","https://media.api-sports.io/football/players/2542.png","2026-05-25T12:16:16Z"
"1569","Qatar","https://media.api-sports.io/football/teams/1569.png","2544","Akram Afif","29","10","Attacker","https://media.api-sports.io/football/players/2544.png","2026-05-25T12:16:16Z"
"1569","Qatar","https://media.api-sports.io/football/teams/1569.png","42075","Edmilson Junior","31","11","Attacker","https://media.api-sports.io/football/players/42075.png","2026-05-25T12:16:16Z"
"1569","Qatar","https://media.api-sports.io/football/teams/1569.png","542531","M. Gouda","20","11","Attacker","https://media.api-sports.io/football/players/542531.png","2026-05-25T12:16:16Z"
"1569","Qatar","https://media.api-sports.io/football/teams/1569.png","42089","Mohammed Muntari","32","9","Attacker","https://media.api-sports.io/football/players/42089.png","2026-05-25T12:16:16Z"
"1569","Qatar","https://media.api-sports.io/football/teams/1569.png","542542","A. Al Hussain","22","4","Defender","https://media.api-sports.io/football/players/542542.png","2026-05-25T12:16:16Z"
"1569","Qatar","https://media.api-sports.io/football/teams/1569.png","542548","A. Al Oui","20","13","Defender","https://media.api-sports.io/football/players/542548.png","2026-05-25T12:16:16Z"
"1569","Qatar","https://media.api-sports.io/football/teams/1569.png","2535","Assim Madibo","29","23","Defender","https://media.api-sports.io/football/players/2535.png","2026-05-25T12:16:16Z"
"1569","Qatar","https://media.api-sports.io/football/teams/1569.png","175439","Homam Ahmed","26","14","Defender","https://media.api-sports.io/football/players/175439.png","2026-05-25T12:16:16Z"
"1569","Qatar","https://media.api-sports.io/football/teams/1569.png","200981","Jassem Gaber","23","8","Defender","https://media.api-sports.io/football/players/200981.png","2026-05-25T12:16:16Z"
"1569","Qatar","https://media.api-sports.io/football/teams/1569.png","42288","Lucas Mendes","35","3","Defender","https://media.api-sports.io/football/players/42288.png","2026-05-25T12:16:16Z"
"1569","Qatar","https://media.api-sports.io/football/teams/1569.png","42060","Sultan Al Braik","29","18","Defender","https://media.api-sports.io/football/players/42060.png","2026-05-25T12:16:16Z"
"1569","Qatar","https://media.api-sports.io/football/teams/1569.png","42421","Youssef Ayman","26","15","Defender","https://media.api-sports.io/football/players/42421.png","2026-05-25T12:16:16Z"
"1569","Qatar","https://media.api-sports.io/football/teams/1569.png","42207","Mahmud Abunada","25","21","Goalkeeper","https://media.api-sports.io/football/players/42207.png","2026-05-25T12:16:16Z"
"1569","Qatar","https://media.api-sports.io/football/teams/1569.png","42021","Meshaal Barsham","27","22","Goalkeeper","https://media.api-sports.io/football/players/42021.png","2026-05-25T12:16:16Z"
"1569","Qatar","https://media.api-sports.io/football/teams/1569.png","42055","Shehab Ellethy","25","1","Goalkeeper","https://media.api-sports.io/football/players/42055.png","2026-05-25T12:16:16Z"
"1569","Qatar","https://media.api-sports.io/football/teams/1569.png","2533","Abdulaziz Hatem","35","6","Midfielder","https://media.api-sports.io/football/players/2533.png","2026-05-25T12:16:16Z"
"1569","Qatar","https://media.api-sports.io/football/teams/1569.png","2539","Ahmed Fathi","32","20","Midfielder","https://media.api-sports.io/football/players/2539.png","2026-05-25T12:16:16Z"
"1569","Qatar","https://media.api-sports.io/football/teams/1569.png","534032","Ali","24","12","Midfielder","https://media.api-sports.io/football/players/534032.png","2026-05-25T12:16:16Z"
"1569","Qatar","https://media.api-sports.io/football/teams/1569.png","542536","G. Laye","27","2","Midfielder","https://media.api-sports.io/football/players/542536.png","2026-05-25T12:16:16Z"
"1569","Qatar","https://media.api-sports.io/football/teams/1569.png","283174","Mohamed Al Manai","22","17","Midfielder","https://media.api-sports.io/football/players/283174.png","2026-05-25T12:16:16Z"
"1569","Qatar","https://media.api-sports.io/football/teams/1569.png","42180","Mohammed Waad","26","4","Midfielder","https://media.api-sports.io/football/players/42180.png","2026-05-25T12:16:16Z"
"1569","Qatar","https://media.api-sports.io/football/teams/1569.png","2541","Tarek Salman","28","5","Midfielder","https://media.api-sports.io/football/players/2541.png","2026-05-25T12:16:16Z"
"23","Saudi Arabia","https://media.api-sports.io/football/teams/23.png","578901","A. S. Al Aliwa","21","7","Attacker","https://media.api-sports.io/football/players/578901.png","2026-05-25T12:16:16Z"
"23","Saudi Arabia","https://media.api-sports.io/football/teams/23.png","44382","Abdullah Al Hamdan","26","19","Attacker","https://media.api-sports.io/football/players/44382.png","2026-05-25T12:16:16Z"
"23","Saudi Arabia","https://media.api-sports.io/football/teams/23.png","44586","Abdulrahman Al Obud","30","20","Attacker","https://media.api-sports.io/football/players/44586.png","2026-05-25T12:16:16Z"
"23","Saudi Arabia","https://media.api-sports.io/football/teams/23.png","147812","Ayman Yahya","24","8","Attacker","https://media.api-sports.io/football/players/147812.png","2026-05-25T12:16:16Z"
"23","Saudi Arabia","https://media.api-sports.io/football/teams/23.png","44324","Feras Al Brikan","25","9","Attacker","https://media.api-sports.io/football/players/44324.png","2026-05-25T12:16:16Z"
"23","Saudi Arabia","https://media.api-sports.io/football/teams/23.png","44701","Khalid Al Ghannam","25","16","Attacker","https://media.api-sports.io/football/players/44701.png","2026-05-25T12:16:16Z"
"23","Saudi Arabia","https://media.api-sports.io/football/teams/23.png","381176","Marwan Al Sahafi","21","20","Attacker","https://media.api-sports.io/football/players/381176.png","2026-05-25T12:16:16Z"
"23","Saudi Arabia","https://media.api-sports.io/football/teams/23.png","44551","Saleh Al Shehri","32","11","Attacker","https://media.api-sports.io/football/players/44551.png","2026-05-25T12:16:16Z"
"23","Saudi Arabia","https://media.api-sports.io/football/teams/23.png","2639","Sultan Mandash","31",,"Attacker","https://media.api-sports.io/football/players/2639.png","2026-05-25T12:16:16Z"
"23","Saudi Arabia","https://media.api-sports.io/football/teams/23.png","44475","Abdulelah Al Amri","28","4","Defender","https://media.api-sports.io/football/players/44475.png","2026-05-25T12:16:16Z"
"23","Saudi Arabia","https://media.api-sports.io/football/teams/23.png","44507","Ali Lajami","29","3","Defender","https://media.api-sports.io/football/players/44507.png","2026-05-25T12:16:16Z"
"23","Saudi Arabia","https://media.api-sports.io/football/teams/23.png","44367","Ali Majrashi","26","2","Defender","https://media.api-sports.io/football/players/44367.png","2026-05-25T12:16:16Z"
"23","Saudi Arabia","https://media.api-sports.io/football/teams/23.png","44335","Hassan Kadesh","33","14","Defender","https://media.api-sports.io/football/players/44335.png","2026-05-25T12:16:16Z"
"23","Saudi Arabia","https://media.api-sports.io/football/teams/23.png","44362","Hassan Tambakti","26","5","Defender","https://media.api-sports.io/football/players/44362.png","2026-05-25T12:16:16Z"
"23","Saudi Arabia","https://media.api-sports.io/football/teams/23.png","543059","J. Thakri","24","3","Defender","https://media.api-sports.io/football/players/543059.png","2026-05-25T12:16:16Z"
"23","Saudi Arabia","https://media.api-sports.io/football/teams/23.png","44684","Khalifah Al Dawsari","26","4","Defender","https://media.api-sports.io/football/players/44684.png","2026-05-25T12:16:16Z"
"23","Saudi Arabia","https://media.api-sports.io/football/teams/23.png","369413","Mohammed Bakor","21","17","Defender","https://media.api-sports.io/football/players/369413.png","2026-05-25T12:16:16Z"
"23","Saudi Arabia","https://media.api-sports.io/football/teams/23.png","363310","Mohammed Essa Harbush","22","5","Defender","https://media.api-sports.io/football/players/363310.png","2026-05-25T12:16:16Z"
"23","Saudi Arabia","https://media.api-sports.io/football/teams/23.png","2628","Muteb Al Mufarrij","29","4","Defender","https://media.api-sports.io/football/players/2628.png","2026-05-25T12:16:16Z"
"23","Saudi Arabia","https://media.api-sports.io/football/teams/23.png","134995","Nawaf Boushal","26","13","Defender","https://media.api-sports.io/football/players/134995.png","2026-05-25T12:16:16Z"
"23","Saudi Arabia","https://media.api-sports.io/football/teams/23.png","542829","R. Hamidou","23","2","Defender","https://media.api-sports.io/football/players/542829.png","2026-05-25T12:16:16Z"
"23","Saudi Arabia","https://media.api-sports.io/football/teams/23.png","44594","Saud Abdulhamid","26","12","Defender","https://media.api-sports.io/football/players/44594.png","2026-05-25T12:16:16Z"
"23","Saudi Arabia","https://media.api-sports.io/football/teams/23.png","44337","Waleed Al Ahmad","26","14","Defender","https://media.api-sports.io/football/players/44337.png","2026-05-25T12:16:16Z"
"23","Saudi Arabia","https://media.api-sports.io/football/teams/23.png","310827","Abdulrahman Al Sanbi","24","21","Goalkeeper","https://media.api-sports.io/football/players/310827.png","2026-05-25T12:16:16Z"
"23","Saudi Arabia","https://media.api-sports.io/football/teams/23.png","44449","Ahmed Al Kassar","34","22","Goalkeeper","https://media.api-sports.io/football/players/44449.png","2026-05-25T12:16:16Z"
"23","Saudi Arabia","https://media.api-sports.io/football/teams/23.png","543009","M. Al Rubaie","28","22","Goalkeeper","https://media.api-sports.io/football/players/543009.png","2026-05-25T12:16:16Z"
"23","Saudi Arabia","https://media.api-sports.io/football/teams/23.png","44411","Mohammed Al Owais","34","21","Goalkeeper","https://media.api-sports.io/football/players/44411.png","2026-05-25T12:16:16Z"
"23","Saudi Arabia","https://media.api-sports.io/football/teams/23.png","193288","Nawaf Al Aqidi","25","1","Goalkeeper","https://media.api-sports.io/football/players/193288.png","2026-05-25T12:16:16Z"
"23","Saudi Arabia","https://media.api-sports.io/football/teams/23.png","44360","Raghed Najjar","29","22","Goalkeeper","https://media.api-sports.io/football/players/44360.png","2026-05-25T12:16:16Z"
"23","Saudi Arabia","https://media.api-sports.io/football/teams/23.png","44315","Abdullah Al Khaibari","29","15","Midfielder","https://media.api-sports.io/football/players/44315.png","2026-05-25T12:16:16Z"
"23","Saudi Arabia","https://media.api-sports.io/football/teams/23.png","44349","Mohamed Kanno","31","23","Midfielder","https://media.api-sports.io/football/players/44349.png","2026-05-25T12:16:16Z"
"23","Saudi Arabia","https://media.api-sports.io/football/teams/23.png","403087","Mohammed Abu Al Shamat","23","12","Midfielder","https://media.api-sports.io/football/players/403087.png","2026-05-25T12:16:16Z"
"23","Saudi Arabia","https://media.api-sports.io/football/teams/23.png","44510","Mohammed Al-Majhad","27","20","Midfielder","https://media.api-sports.io/football/players/44510.png","2026-05-25T12:16:16Z"
"23","Saudi Arabia","https://media.api-sports.io/football/teams/23.png","326984","Mohammed Mater Mohsin Mahzari","23","23","Midfielder","https://media.api-sports.io/football/players/326984.png","2026-05-25T12:16:16Z"
"23","Saudi Arabia","https://media.api-sports.io/football/teams/23.png","442343","Murad Al Hawsawi","24","16","Midfielder","https://media.api-sports.io/football/players/442343.png","2026-05-25T12:16:16Z"
"23","Saudi Arabia","https://media.api-sports.io/football/teams/23.png","306380","Musab Al Juwayr","22","10","Midfielder","https://media.api-sports.io/football/players/306380.png","2026-05-25T12:16:16Z"
"23","Saudi Arabia","https://media.api-sports.io/football/teams/23.png","578970","N. Masoud","24","6","Midfielder","https://media.api-sports.io/football/players/578970.png","2026-05-25T12:16:16Z"
"23","Saudi Arabia","https://media.api-sports.io/football/teams/23.png","44339","Nasser Al Dawsari","27","6","Midfielder","https://media.api-sports.io/football/players/44339.png","2026-05-25T12:16:16Z"
"23","Saudi Arabia","https://media.api-sports.io/football/teams/23.png","44340","Salem Al Dawsari","34","10","Midfielder","https://media.api-sports.io/football/players/44340.png","2026-05-25T12:16:16Z"
"23","Saudi Arabia","https://media.api-sports.io/football/teams/23.png","44341","Salman Al Faraj","36","7","Midfielder","https://media.api-sports.io/football/players/44341.png","2026-05-25T12:16:16Z"
"23","Saudi Arabia","https://media.api-sports.io/football/teams/23.png","44374","Turki Al Ammar","26","19","Midfielder","https://media.api-sports.io/football/players/44374.png","2026-05-25T12:16:16Z"
"23","Saudi Arabia","https://media.api-sports.io/football/teams/23.png","312652","Waheb Saleh","23","18","Midfielder","https://media.api-sports.io/football/players/312652.png","2026-05-25T12:16:16Z"
"23","Saudi Arabia","https://media.api-sports.io/football/teams/23.png","269172","Ziyad Al Johani","24","8","Midfielder","https://media.api-sports.io/football/players/269172.png","2026-05-25T12:16:16Z"
"1108","Scotland","https://media.api-sports.io/football/teams/1108.png","343576","B. Doak","20","17","Attacker","https://media.api-sports.io/football/players/343576.png","2026-05-25T12:16:16Z"
"1108","Scotland","https://media.api-sports.io/football/teams/1108.png","19524","C. Adams","29","10","Attacker","https://media.api-sports.io/football/players/19524.png","2026-05-25T12:16:16Z"
"1108","Scotland","https://media.api-sports.io/football/teams/1108.png","8794","G. Hirst","26","18","Attacker","https://media.api-sports.io/football/players/8794.png","2026-05-25T12:16:16Z"
"1108","Scotland","https://media.api-sports.io/football/teams/1108.png","45307","L. Dykes","30","9","Attacker","https://media.api-sports.io/football/players/45307.png","2026-05-25T12:16:16Z"
"1108","Scotland","https://media.api-sports.io/football/teams/1108.png","282767","T. Conway","23","9","Attacker","https://media.api-sports.io/football/players/282767.png","2026-05-25T12:16:16Z"
"1108","Scotland","https://media.api-sports.io/football/teams/1108.png","1115","A. Ralston","27","22","Defender","https://media.api-sports.io/football/players/1115.png","2026-05-25T12:16:16Z"
"1108","Scotland","https://media.api-sports.io/football/teams/1108.png","289","A. Robertson","31","3","Defender","https://media.api-sports.io/football/players/289.png","2026-05-25T12:16:16Z"
"1108","Scotland","https://media.api-sports.io/football/teams/1108.png","19987","D. Hyam","30","5","Defender","https://media.api-sports.io/football/players/19987.png","2026-05-25T12:16:16Z"
"1108","Scotland","https://media.api-sports.io/football/teams/1108.png","19066","G. Hanley","34","5","Defender","https://media.api-sports.io/football/players/19066.png","2026-05-25T12:16:16Z"
"1108","Scotland","https://media.api-sports.io/football/teams/1108.png","1111","J. Hendry","30","13","Defender","https://media.api-sports.io/football/players/1111.png","2026-05-25T12:16:16Z"
"1108","Scotland","https://media.api-sports.io/football/teams/1108.png","44865","J. Souttar","29","15","Defender","https://media.api-sports.io/football/players/44865.png","2026-05-25T12:16:16Z"
"1108","Scotland","https://media.api-sports.io/football/teams/1108.png","1117","K. Tierney","28","6","Defender","https://media.api-sports.io/football/players/1117.png","2026-05-25T12:16:16Z"
"1108","Scotland","https://media.api-sports.io/football/teams/1108.png","138417","N. Patterson","24","22","Defender","https://media.api-sports.io/football/players/138417.png","2026-05-25T12:16:16Z"
"1108","Scotland","https://media.api-sports.io/football/teams/1108.png","1743","R. McCrorie","27","21","Defender","https://media.api-sports.io/football/players/1743.png","2026-05-25T12:16:16Z"
"1108","Scotland","https://media.api-sports.io/football/teams/1108.png","44811","S. McKenna","29","16","Defender","https://media.api-sports.io/football/players/44811.png","2026-05-25T12:16:16Z"
"1108","Scotland","https://media.api-sports.io/football/teams/1108.png","18933","A. Gunn","29","1","Goalkeeper","https://media.api-sports.io/football/players/18933.png","2026-05-25T12:16:16Z"
"1108","Scotland","https://media.api-sports.io/football/teams/1108.png","44937","L. Kelly","29","12","Goalkeeper","https://media.api-sports.io/football/players/44937.png","2026-05-25T12:16:16Z"
"1108","Scotland","https://media.api-sports.io/football/teams/1108.png","1104","S. Bain","34","21","Goalkeeper","https://media.api-sports.io/football/players/1104.png","2026-05-25T12:16:16Z"
"1108","Scotland","https://media.api-sports.io/football/teams/1108.png","68466","A. Irving","25","8","Midfielder","https://media.api-sports.io/football/players/68466.png","2026-05-25T12:16:16Z"
"1108","Scotland","https://media.api-sports.io/football/teams/1108.png","130423","B. Gilmour","24","8","Midfielder","https://media.api-sports.io/football/players/130423.png","2026-05-25T12:16:16Z"
"1108","Scotland","https://media.api-sports.io/football/teams/1108.png","433272","Findlay Curtis","19","22","Midfielder","https://media.api-sports.io/football/players/433272.png","2026-05-25T12:16:16Z"
"1108","Scotland","https://media.api-sports.io/football/teams/1108.png","19191","J.  McGinn","31","7","Midfielder","https://media.api-sports.io/football/players/19191.png","2026-05-25T12:16:16Z"
"1108","Scotland","https://media.api-sports.io/football/teams/1108.png","19077","K. McLean","33","23","Midfielder","https://media.api-sports.io/football/players/19077.png","2026-05-25T12:16:16Z"
"1108","Scotland","https://media.api-sports.io/football/teams/1108.png","44814","L. Ferguson","26","19","Midfielder","https://media.api-sports.io/football/players/44814.png","2026-05-25T12:16:16Z"
"1108","Scotland","https://media.api-sports.io/football/teams/1108.png","343558","L. Miller","19","14","Midfielder","https://media.api-sports.io/football/players/343558.png","2026-05-25T12:16:16Z"
"1108","Scotland","https://media.api-sports.io/football/teams/1108.png","1125","R. Christie","30","11","Midfielder","https://media.api-sports.io/football/players/1125.png","2026-05-25T12:16:16Z"
"1108","Scotland","https://media.api-sports.io/football/teams/1108.png","903","S. McTominay","29","4","Midfielder","https://media.api-sports.io/football/players/903.png","2026-05-25T12:16:16Z"
"13","Senegal","https://media.api-sports.io/football/teams/13.png","400948","Assane Diao","20","7","Attacker","https://media.api-sports.io/football/players/400948.png","2026-05-25T12:16:16Z"
"13","Senegal","https://media.api-sports.io/football/teams/13.png","22015","B. Dia","29","9","Attacker","https://media.api-sports.io/football/players/22015.png","2026-05-25T12:16:16Z"
"13","Senegal","https://media.api-sports.io/football/teams/13.png","284072","B. Dieng","25","9","Attacker","https://media.api-sports.io/football/players/284072.png","2026-05-25T12:16:16Z"
"13","Senegal","https://media.api-sports.io/football/teams/13.png","14379","C. Ndiaye","30","12","Attacker","https://media.api-sports.io/football/players/14379.png","2026-05-25T12:16:16Z"
"13","Senegal","https://media.api-sports.io/football/teams/13.png","20534","C. Sabaly","26","21","Attacker","https://media.api-sports.io/football/players/20534.png","2026-05-25T12:16:16Z"
"13","Senegal","https://media.api-sports.io/football/teams/13.png","20535","H. Diallo","30","20","Attacker","https://media.api-sports.io/football/players/20535.png","2026-05-25T12:16:16Z"
"13","Senegal","https://media.api-sports.io/football/teams/13.png","446249","I. Mbaye","17","27","Attacker","https://media.api-sports.io/football/players/446249.png","2026-05-25T12:16:16Z"
"13","Senegal","https://media.api-sports.io/football/teams/13.png","18592","I. Ndiaye","25","13","Attacker","https://media.api-sports.io/football/players/18592.png","2026-05-25T12:16:16Z"
"13","Senegal","https://media.api-sports.io/football/teams/13.png","2218","I. Sarr","27","18","Attacker","https://media.api-sports.io/football/players/2218.png","2026-05-25T12:16:16Z"
"13","Senegal","https://media.api-sports.io/football/teams/13.png","386481","M. Diakhon","20","20","Attacker","https://media.api-sports.io/football/players/386481.png","2026-05-25T12:16:16Z"
"13","Senegal","https://media.api-sports.io/football/teams/13.png","283058","N. Jackson","24","11","Attacker","https://media.api-sports.io/football/players/283058.png","2026-05-25T12:16:16Z"
"13","Senegal","https://media.api-sports.io/football/teams/13.png","203456","O. Niang","24","22","Attacker","https://media.api-sports.io/football/players/203456.png","2026-05-25T12:16:16Z"
"13","Senegal","https://media.api-sports.io/football/teams/13.png","304","S. Mané","33","10","Attacker","https://media.api-sports.io/football/players/304.png","2026-05-25T12:16:16Z"
"13","Senegal","https://media.api-sports.io/football/teams/13.png","313937","A. Mendy","21","24","Defender","https://media.api-sports.io/football/players/313937.png","2026-05-25T12:16:16Z"
"13","Senegal","https://media.api-sports.io/football/teams/13.png","8450","A. Seck","33","4","Defender","https://media.api-sports.io/football/players/8450.png","2026-05-25T12:16:16Z"
"13","Senegal","https://media.api-sports.io/football/teams/13.png","409303","E. Diouf","21","25","Defender","https://media.api-sports.io/football/players/409303.png","2026-05-25T12:16:16Z"
"13","Senegal","https://media.api-sports.io/football/teams/13.png","158121","I. Jakobs","26","14","Defender","https://media.api-sports.io/football/players/158121.png","2026-05-25T12:16:16Z"
"13","Senegal","https://media.api-sports.io/football/teams/13.png","318","K. Koulibaly","34","3","Defender","https://media.api-sports.io/football/players/318.png","2026-05-25T12:16:16Z"
"13","Senegal","https://media.api-sports.io/football/teams/13.png","25916","M. Niakhaté","29","19","Defender","https://media.api-sports.io/football/players/25916.png","2026-05-25T12:16:16Z"
"13","Senegal","https://media.api-sports.io/football/teams/13.png","276184","M. Sarr","20","2","Defender","https://media.api-sports.io/football/players/276184.png","2026-05-25T12:16:16Z"
"13","Senegal","https://media.api-sports.io/football/teams/13.png","358431","N. Mendy","21",,"Defender","https://media.api-sports.io/football/players/358431.png","2026-05-25T12:16:16Z"
"13","Senegal","https://media.api-sports.io/football/teams/13.png","2986","É. Mendy","33","16","Goalkeeper","https://media.api-sports.io/football/players/2986.png","2026-05-25T12:16:16Z"
"13","Senegal","https://media.api-sports.io/football/teams/13.png","119853","M. Diaw","32","23","Goalkeeper","https://media.api-sports.io/football/players/119853.png","2026-05-25T12:16:16Z"
"13","Senegal","https://media.api-sports.io/football/teams/13.png","20566","Y. Diouf","26","1","Goalkeeper","https://media.api-sports.io/football/players/20566.png","2026-05-25T12:16:16Z"
"13","Senegal","https://media.api-sports.io/football/teams/13.png","327631","H. Diarra","21","7","Midfielder","https://media.api-sports.io/football/players/327631.png","2026-05-25T12:16:16Z"
"13","Senegal","https://media.api-sports.io/football/teams/13.png","371839","I. Camara","22","14","Midfielder","https://media.api-sports.io/football/players/371839.png","2026-05-25T12:16:16Z"
"13","Senegal","https://media.api-sports.io/football/teams/13.png","2990","I. Gueye","36","5","Midfielder","https://media.api-sports.io/football/players/2990.png","2026-05-25T12:16:16Z"
"13","Senegal","https://media.api-sports.io/football/teams/13.png","81","K. Diatta","26","15","Midfielder","https://media.api-sports.io/football/players/81.png","2026-05-25T12:16:16Z"
"13","Senegal","https://media.api-sports.io/football/teams/13.png","374058","L. Camara","21","8","Midfielder","https://media.api-sports.io/football/players/374058.png","2026-05-25T12:16:16Z"
"13","Senegal","https://media.api-sports.io/football/teams/13.png","344813","M. Camara","22","28","Midfielder","https://media.api-sports.io/football/players/344813.png","2026-05-25T12:16:16Z"
"13","Senegal","https://media.api-sports.io/football/teams/13.png","41552","P. Ciss","31","6","Midfielder","https://media.api-sports.io/football/players/41552.png","2026-05-25T12:16:16Z"
"13","Senegal","https://media.api-sports.io/football/teams/13.png","20696","P. Gueye","26","26","Midfielder","https://media.api-sports.io/football/players/20696.png","2026-05-25T12:16:16Z"
"13","Senegal","https://media.api-sports.io/football/teams/13.png","237129","P. Sarr","23","17","Midfielder","https://media.api-sports.io/football/players/237129.png","2026-05-25T12:16:16Z"
"1531","South Africa","https://media.api-sports.io/football/teams/1531.png","46641","B. Hlongwane","25","12","Attacker","https://media.api-sports.io/football/players/46641.png","2026-05-25T12:16:16Z"
"1531","South Africa","https://media.api-sports.io/football/teams/1531.png","201354","E. Makgopa","25","23","Attacker","https://media.api-sports.io/football/players/201354.png","2026-05-25T12:16:16Z"
"1531","South Africa","https://media.api-sports.io/football/teams/1531.png","330170","E. Mokwana","26","12","Attacker","https://media.api-sports.io/football/players/330170.png","2026-05-25T12:16:16Z"
"1531","South Africa","https://media.api-sports.io/football/teams/1531.png","98936","L. Foster","25","9","Attacker","https://media.api-sports.io/football/players/98936.png","2026-05-25T12:16:16Z"
"1531","South Africa","https://media.api-sports.io/football/teams/1531.png","483109","M. Nkota","21","11","Attacker","https://media.api-sports.io/football/players/483109.png","2026-05-25T12:16:16Z"
"1531","South Africa","https://media.api-sports.io/football/teams/1531.png","179893","O. Appollis","24","7","Attacker","https://media.api-sports.io/football/players/179893.png","2026-05-25T12:16:16Z"
"1531","South Africa","https://media.api-sports.io/football/teams/1531.png","414149","R. Mofokeng","21","10","Attacker","https://media.api-sports.io/football/players/414149.png","2026-05-25T12:16:16Z"
"1531","South Africa","https://media.api-sports.io/football/teams/1531.png","430077","S. Campbell","20","24","Attacker","https://media.api-sports.io/football/players/430077.png","2026-05-25T12:16:16Z"
"1531","South Africa","https://media.api-sports.io/football/teams/1531.png","354831","T. Maseko","22","12","Attacker","https://media.api-sports.io/football/players/354831.png","2026-05-25T12:16:16Z"
"1531","South Africa","https://media.api-sports.io/football/teams/1531.png","295977","T. Moremi","25","8","Attacker","https://media.api-sports.io/football/players/295977.png","2026-05-25T12:16:16Z"
"1531","South Africa","https://media.api-sports.io/football/teams/1531.png","46334","A. Modiba","30","6","Defender","https://media.api-sports.io/football/players/46334.png","2026-05-25T12:16:16Z"
"1531","South Africa","https://media.api-sports.io/football/teams/1531.png","406752","I. Okon","21","5","Defender","https://media.api-sports.io/football/players/406752.png","2026-05-25T12:16:16Z"
"1531","South Africa","https://media.api-sports.io/football/teams/1531.png","46601","K. Mudau","30","20","Defender","https://media.api-sports.io/football/players/46601.png","2026-05-25T12:16:16Z"
"1531","South Africa","https://media.api-sports.io/football/teams/1531.png","474630","K. Ndamase","21","3","Defender","https://media.api-sports.io/football/players/474630.png","2026-05-25T12:16:16Z"
"1531","South Africa","https://media.api-sports.io/football/teams/1531.png","510799","M. Mbokazi","20","14","Defender","https://media.api-sports.io/football/players/510799.png","2026-05-25T12:16:16Z"
"1531","South Africa","https://media.api-sports.io/football/teams/1531.png","46458","N. Sibisi","30","19","Defender","https://media.api-sports.io/football/players/46458.png","2026-05-25T12:16:16Z"
"1531","South Africa","https://media.api-sports.io/football/teams/1531.png","430078","S. Kabini","21","18","Defender","https://media.api-sports.io/football/players/430078.png","2026-05-25T12:16:16Z"
"1531","South Africa","https://media.api-sports.io/football/teams/1531.png","46365","S. Ngezana","28","21","Defender","https://media.api-sports.io/football/players/46365.png","2026-05-25T12:16:16Z"
"1531","South Africa","https://media.api-sports.io/football/teams/1531.png","461412","T. Smith","20","2","Defender","https://media.api-sports.io/football/players/461412.png","2026-05-25T12:16:16Z"
"1531","South Africa","https://media.api-sports.io/football/teams/1531.png","46245","R. Goss","31","22","Goalkeeper","https://media.api-sports.io/football/players/46245.png","2026-05-25T12:16:16Z"
"1531","South Africa","https://media.api-sports.io/football/teams/1531.png","278387","R. Leaner","27","1","Goalkeeper","https://media.api-sports.io/football/players/278387.png","2026-05-25T12:16:16Z"
"1531","South Africa","https://media.api-sports.io/football/teams/1531.png","3275","R. Williams","33","1","Goalkeeper","https://media.api-sports.io/football/players/3275.png","2026-05-25T12:16:16Z"
"1531","South Africa","https://media.api-sports.io/football/teams/1531.png","46417","S. Chaine","29","16","Goalkeeper","https://media.api-sports.io/football/players/46417.png","2026-05-25T12:16:16Z"
"1531","South Africa","https://media.api-sports.io/football/teams/1531.png","99017","B. Aubaas","30","15","Midfielder","https://media.api-sports.io/football/players/99017.png","2026-05-25T12:16:16Z"
"1531","South Africa","https://media.api-sports.io/football/teams/1531.png","268710","J. Adams","24","8","Midfielder","https://media.api-sports.io/football/players/268710.png","2026-05-25T12:16:16Z"
"1531","South Africa","https://media.api-sports.io/football/teams/1531.png","46344","S. Mbule","27","17","Midfielder","https://media.api-sports.io/football/players/46344.png","2026-05-25T12:16:16Z"
"1531","South Africa","https://media.api-sports.io/football/teams/1531.png","158433","S. Sithole","26","13","Midfielder","https://media.api-sports.io/football/players/158433.png","2026-05-25T12:16:16Z"
"1531","South Africa","https://media.api-sports.io/football/teams/1531.png","330174","T. Matuludi","26","25","Midfielder","https://media.api-sports.io/football/players/330174.png","2026-05-25T12:16:16Z"
"1531","South Africa","https://media.api-sports.io/football/teams/1531.png","194430","T. Mbatha","25","5","Midfielder","https://media.api-sports.io/football/players/194430.png","2026-05-25T12:16:16Z"
"1531","South Africa","https://media.api-sports.io/football/teams/1531.png","3287","T. Mokoena","28","4","Midfielder","https://media.api-sports.io/football/players/3287.png","2026-05-25T12:16:16Z"
"1531","South Africa","https://media.api-sports.io/football/teams/1531.png","3289","T. Zwane","36","11","Midfielder","https://media.api-sports.io/football/players/3289.png","2026-05-25T12:16:16Z"
"17","South Korea","https://media.api-sports.io/football/teams/17.png","34211","Cho Gue-Sung","28","9","Attacker","https://media.api-sports.io/football/players/34211.png","2026-05-25T12:16:16Z"
"17","South Korea","https://media.api-sports.io/football/teams/17.png","24888","Hwang Hee-Chan","29","11","Attacker","https://media.api-sports.io/football/players/24888.png","2026-05-25T12:16:16Z"
"17","South Korea","https://media.api-sports.io/football/teams/17.png","34710","Oh Hyeon-Gyu","24","9","Attacker","https://media.api-sports.io/football/players/34710.png","2026-05-25T12:16:16Z"
"17","South Korea","https://media.api-sports.io/football/teams/17.png","186","Son Heung-Min","33","7","Attacker","https://media.api-sports.io/football/players/186.png","2026-05-25T12:16:16Z"
"17","South Korea","https://media.api-sports.io/football/teams/17.png","34239","Cho Yu-Min","29","14","Defender","https://media.api-sports.io/football/players/34239.png","2026-05-25T12:16:16Z"
"17","South Korea","https://media.api-sports.io/football/teams/17.png","2897","Kim Min-Jae","29","4","Defender","https://media.api-sports.io/football/players/2897.png","2026-05-25T12:16:16Z"
"17","South Korea","https://media.api-sports.io/football/teams/17.png","2912","Kim Moon-Hwan","30","15","Defender","https://media.api-sports.io/football/players/2912.png","2026-05-25T12:16:16Z"
"17","South Korea","https://media.api-sports.io/football/teams/17.png","34418","Kim Tae-Hyeon","25","26","Defender","https://media.api-sports.io/football/players/34418.png","2026-05-25T12:16:16Z"
"17","South Korea","https://media.api-sports.io/football/teams/17.png","304951","Lee Gi-Hyuk","25","13","Defender","https://media.api-sports.io/football/players/304951.png","2026-05-25T12:16:16Z"
"17","South Korea","https://media.api-sports.io/football/teams/17.png","237218","Lee Han-Beom","23","16","Defender","https://media.api-sports.io/football/players/237218.png","2026-05-25T12:16:16Z"
"17","South Korea","https://media.api-sports.io/football/teams/17.png","237220","Lee Tae-Seok","23","3","Defender","https://media.api-sports.io/football/players/237220.png","2026-05-25T12:16:16Z"
"17","South Korea","https://media.api-sports.io/football/teams/17.png","197985","Seol Young-Woo","27","22","Defender","https://media.api-sports.io/football/players/197985.png","2026-05-25T12:16:16Z"
"17","South Korea","https://media.api-sports.io/football/teams/17.png","2890","Jo Hyeon-Woo","34","21","Goalkeeper","https://media.api-sports.io/football/players/2890.png","2026-05-25T12:16:16Z"
"17","South Korea","https://media.api-sports.io/football/teams/17.png","2892","Kim Seung-Gyu","35","1","Goalkeeper","https://media.api-sports.io/football/players/2892.png","2026-05-25T12:16:16Z"
"17","South Korea","https://media.api-sports.io/football/teams/17.png","34374","Song Bum-Keun","28","1","Goalkeeper","https://media.api-sports.io/football/players/34374.png","2026-05-25T12:16:16Z"
"17","South Korea","https://media.api-sports.io/football/teams/17.png","357286","Bae Jun-Ho","22","17","Midfielder","https://media.api-sports.io/football/players/357286.png","2026-05-25T12:16:16Z"
"17","South Korea","https://media.api-sports.io/football/teams/17.png","237050","Eom Ji-Sung","23","18","Midfielder","https://media.api-sports.io/football/players/237050.png","2026-05-25T12:16:16Z"
"17","South Korea","https://media.api-sports.io/football/teams/17.png","2901","Hwang In-Beom","29","6","Midfielder","https://media.api-sports.io/football/players/2901.png","2026-05-25T12:16:16Z"
"17","South Korea","https://media.api-sports.io/football/teams/17.png","280358","J. Castrop","22","13","Midfielder","https://media.api-sports.io/football/players/280358.png","2026-05-25T12:16:16Z"
"17","South Korea","https://media.api-sports.io/football/teams/17.png","34168","Kim Jin-Gyu","28","6","Midfielder","https://media.api-sports.io/football/players/34168.png","2026-05-25T12:16:16Z"
"17","South Korea","https://media.api-sports.io/football/teams/17.png","34431","Lee Dong-Gyeong","28","10","Midfielder","https://media.api-sports.io/football/players/34431.png","2026-05-25T12:16:16Z"
"17","South Korea","https://media.api-sports.io/football/teams/17.png","2906","Lee Jae-Sung","33","10","Midfielder","https://media.api-sports.io/football/players/2906.png","2026-05-25T12:16:16Z"
"17","South Korea","https://media.api-sports.io/football/teams/17.png","927","Lee Kang-In","24","18","Midfielder","https://media.api-sports.io/football/players/927.png","2026-05-25T12:16:16Z"
"17","South Korea","https://media.api-sports.io/football/teams/17.png","2909","Paik Seung-Ho","28","5","Midfielder","https://media.api-sports.io/football/players/2909.png","2026-05-25T12:16:16Z"
"17","South Korea","https://media.api-sports.io/football/teams/17.png","99211","Park Jin-Seop","30","5","Midfielder","https://media.api-sports.io/football/players/99211.png","2026-05-25T12:16:16Z"
"17","South Korea","https://media.api-sports.io/football/teams/17.png","304958","Yang Hyun-Jun","23","15","Midfielder","https://media.api-sports.io/football/players/304958.png","2026-05-25T12:16:16Z"
"9","Spain","https://media.api-sports.io/football/teams/9.png","182219","Álex Baena","24","16","Attacker","https://media.api-sports.io/football/players/182219.png","2026-05-25T12:16:16Z"
"9","Spain","https://media.api-sports.io/football/teams/9.png","47317","Barrenetxea","24","11","Attacker","https://media.api-sports.io/football/players/47317.png","2026-05-25T12:16:16Z"
"9","Spain","https://media.api-sports.io/football/teams/9.png","47348","Borja Iglesias","32","9","Attacker","https://media.api-sports.io/football/players/47348.png","2026-05-25T12:16:16Z"
"9","Spain","https://media.api-sports.io/football/teams/9.png","931","Ferran Torres","25","7","Attacker","https://media.api-sports.io/football/players/931.png","2026-05-25T12:16:16Z"
"9","Spain","https://media.api-sports.io/football/teams/9.png","386828","Lamine Yamal","18","19","Attacker","https://media.api-sports.io/football/players/386828.png","2026-05-25T12:16:16Z"
"9","Spain","https://media.api-sports.io/football/teams/9.png","47323","Mikel Oyarzabal","28","21","Attacker","https://media.api-sports.io/football/players/47323.png","2026-05-25T12:16:16Z"
"9","Spain","https://media.api-sports.io/football/teams/9.png","358628","Samu","21","3","Attacker","https://media.api-sports.io/football/players/358628.png","2026-05-25T12:16:16Z"
"9","Spain","https://media.api-sports.io/football/teams/9.png","338751","Víctor Muñoz","22",,"Attacker","https://media.api-sports.io/football/players/338751.png","2026-05-25T12:16:16Z"
"9","Spain","https://media.api-sports.io/football/teams/9.png","184226","Yeremy Pino","23","11","Attacker","https://media.api-sports.io/football/players/184226.png","2026-05-25T12:16:16Z"
"9","Spain","https://media.api-sports.io/football/teams/9.png","563","Álex Grimaldo","30","3","Defender","https://media.api-sports.io/football/players/563.png","2026-05-25T12:16:16Z"
"9","Spain","https://media.api-sports.io/football/teams/9.png","622","Aymeric Laporte","31","14","Defender","https://media.api-sports.io/football/players/622.png","2026-05-25T12:16:16Z"
"9","Spain","https://media.api-sports.io/football/teams/9.png","333682","Cristhian Mosquera","21","3","Defender","https://media.api-sports.io/football/players/333682.png","2026-05-25T12:16:16Z"
"9","Spain","https://media.api-sports.io/football/teams/9.png","361497","D. Huijsen","20","5","Defender","https://media.api-sports.io/football/players/361497.png","2026-05-25T12:16:16Z"
"9","Spain","https://media.api-sports.io/football/teams/9.png","47380","Marc Cucurella","27","22","Defender","https://media.api-sports.io/football/players/47380.png","2026-05-25T12:16:16Z"
"9","Spain","https://media.api-sports.io/football/teams/9.png","753","Marcos Llorente","30","5","Defender","https://media.api-sports.io/football/players/753.png","2026-05-25T12:16:16Z"
"9","Spain","https://media.api-sports.io/football/teams/9.png","396623","Pau Cubarsí Paredes","18","15","Defender","https://media.api-sports.io/football/players/396623.png","2026-05-25T12:16:16Z"
"9","Spain","https://media.api-sports.io/football/teams/9.png","47519","Pedro Porro","26","12","Defender","https://media.api-sports.io/football/players/47519.png","2026-05-25T12:16:16Z"
"9","Spain","https://media.api-sports.io/football/teams/9.png","47269","Álex Remiro","30","13","Goalkeeper","https://media.api-sports.io/football/players/47269.png","2026-05-25T12:16:16Z"
"9","Spain","https://media.api-sports.io/football/teams/9.png","19465","David Raya","30","1","Goalkeeper","https://media.api-sports.io/football/players/19465.png","2026-05-25T12:16:16Z"
"9","Spain","https://media.api-sports.io/football/teams/9.png","182718","Joan García","24","13","Goalkeeper","https://media.api-sports.io/football/players/182718.png","2026-05-25T12:16:16Z"
"9","Spain","https://media.api-sports.io/football/teams/9.png","47270","Unai Simón","28","23","Goalkeeper","https://media.api-sports.io/football/players/47270.png","2026-05-25T12:16:16Z"
"9","Spain","https://media.api-sports.io/football/teams/9.png","930","Carlos Soler","28","19","Midfielder","https://media.api-sports.io/football/players/930.png","2026-05-25T12:16:16Z"
"9","Spain","https://media.api-sports.io/football/teams/9.png","1323","Dani Olmo","27","10","Midfielder","https://media.api-sports.io/football/players/1323.png","2026-05-25T12:16:16Z"
"9","Spain","https://media.api-sports.io/football/teams/9.png","340626","Fermín","22","19","Midfielder","https://media.api-sports.io/football/players/340626.png","2026-05-25T12:16:16Z"
"9","Spain","https://media.api-sports.io/football/teams/9.png","47315","Martín Zubimendi","26","18","Midfielder","https://media.api-sports.io/football/players/47315.png","2026-05-25T12:16:16Z"
"9","Spain","https://media.api-sports.io/football/teams/9.png","336594","Pablo Barrios","22","2","Midfielder","https://media.api-sports.io/football/players/336594.png","2026-05-25T12:16:16Z"
"9","Spain","https://media.api-sports.io/football/teams/9.png","1697","Pablo Fornals","29","17","Midfielder","https://media.api-sports.io/football/players/1697.png","2026-05-25T12:16:16Z"
"9","Spain","https://media.api-sports.io/football/teams/9.png","133609","Pedri","23","20","Midfielder","https://media.api-sports.io/football/players/133609.png","2026-05-25T12:16:16Z"
"9","Spain","https://media.api-sports.io/football/teams/9.png","44","Rodri","29","16","Midfielder","https://media.api-sports.io/football/players/44.png","2026-05-25T12:16:16Z"
"5","Sweden","https://media.api-sports.io/football/teams/5.png","153430","A. Elanga","23","11","Attacker","https://media.api-sports.io/football/players/153430.png","2026-05-25T12:16:16Z"
"5","Sweden","https://media.api-sports.io/football/teams/5.png","48002","B. Nygren","24","10","Attacker","https://media.api-sports.io/football/players/48002.png","2026-05-25T12:16:16Z"
"5","Sweden","https://media.api-sports.io/football/teams/5.png","15683","G. Nilsson","28","9","Attacker","https://media.api-sports.io/football/players/15683.png","2026-05-25T12:16:16Z"
"5","Sweden","https://media.api-sports.io/football/teams/5.png","160925","T. Ali","27","21","Attacker","https://media.api-sports.io/football/players/160925.png","2026-05-25T12:16:16Z"
"5","Sweden","https://media.api-sports.io/football/teams/5.png","18979","V. Gyökeres","27","17","Attacker","https://media.api-sports.io/football/players/18979.png","2026-05-25T12:16:16Z"
"5","Sweden","https://media.api-sports.io/football/teams/5.png","47988","C. Starfelt","30","15","Defender","https://media.api-sports.io/football/players/47988.png","2026-05-25T12:16:16Z"
"5","Sweden","https://media.api-sports.io/football/teams/5.png","47969","G. Gudmundsson","26","5","Defender","https://media.api-sports.io/football/players/47969.png","2026-05-25T12:16:16Z"
"5","Sweden","https://media.api-sports.io/football/teams/5.png","137721","G. Lagerbielke","25","2","Defender","https://media.api-sports.io/football/players/137721.png","2026-05-25T12:16:16Z"
"5","Sweden","https://media.api-sports.io/football/teams/5.png","47903","H. Ekdal","27","2","Defender","https://media.api-sports.io/football/players/47903.png","2026-05-25T12:16:16Z"
"5","Sweden","https://media.api-sports.io/football/teams/5.png","137976","I. Hien","26","4","Defender","https://media.api-sports.io/football/players/137976.png","2026-05-25T12:16:16Z"
"5","Sweden","https://media.api-sports.io/football/teams/5.png","889","V. Lindelöf","31","3","Defender","https://media.api-sports.io/football/players/889.png","2026-05-25T12:16:16Z"
"5","Sweden","https://media.api-sports.io/football/teams/5.png","2851","K. Nordfeldt","36","23","Goalkeeper","https://media.api-sports.io/football/players/2851.png","2026-05-25T12:16:16Z"
"5","Sweden","https://media.api-sports.io/football/teams/5.png","350850","B. Zeneli","23","22","Midfielder","https://media.api-sports.io/football/players/350850.png","2026-05-25T12:16:16Z"
"5","Sweden","https://media.api-sports.io/football/teams/5.png","198654","D. Svensson","23","8","Midfielder","https://media.api-sports.io/football/players/198654.png","2026-05-25T12:16:16Z"
"5","Sweden","https://media.api-sports.io/football/teams/5.png","8486","E. Smith","28","13","Midfielder","https://media.api-sports.io/football/players/8486.png","2026-05-25T12:16:16Z"
"5","Sweden","https://media.api-sports.io/football/teams/5.png","226765","E. Stroud","23","13","Midfielder","https://media.api-sports.io/football/players/226765.png","2026-05-25T12:16:16Z"
"5","Sweden","https://media.api-sports.io/football/teams/5.png","48047","J. Karlström","30","16","Midfielder","https://media.api-sports.io/football/players/48047.png","2026-05-25T12:16:16Z"
"5","Sweden","https://media.api-sports.io/football/teams/5.png","2860","K. Sema","32","13","Midfielder","https://media.api-sports.io/football/players/2860.png","2026-05-25T12:16:16Z"
"5","Sweden","https://media.api-sports.io/football/teams/5.png","347316","L. Bergvall","19","7","Midfielder","https://media.api-sports.io/football/players/347316.png","2026-05-25T12:16:16Z"
"5","Sweden","https://media.api-sports.io/football/teams/5.png","30484","M. Svanberg","26","19","Midfielder","https://media.api-sports.io/football/players/30484.png","2026-05-25T12:16:16Z"
"5","Sweden","https://media.api-sports.io/football/teams/5.png","265820","Y. Ayari","22","18","Midfielder","https://media.api-sports.io/football/players/265820.png","2026-05-25T12:16:16Z"
"15","Switzerland","https://media.api-sports.io/football/teams/15.png","421","B. Embolo","28","7","Attacker","https://media.api-sports.io/football/players/421.png","2026-05-25T12:16:16Z"
"15","Switzerland","https://media.api-sports.io/football/teams/15.png","48648","D. Ndoye","25","11","Attacker","https://media.api-sports.io/football/players/48648.png","2026-05-25T12:16:16Z"
"15","Switzerland","https://media.api-sports.io/football/teams/15.png","163032","F. Rieder","23","22","Attacker","https://media.api-sports.io/football/players/163032.png","2026-05-25T12:16:16Z"
"15","Switzerland","https://media.api-sports.io/football/teams/15.png","48389","N. Okafor","25","9","Attacker","https://media.api-sports.io/football/players/48389.png","2026-05-25T12:16:16Z"
"15","Switzerland","https://media.api-sports.io/football/teams/15.png","162414","A. Amenda","22","18","Defender","https://media.api-sports.io/football/players/162414.png","2026-05-25T12:16:16Z"
"15","Switzerland","https://media.api-sports.io/football/teams/15.png","48372","E. Cömert","27","18","Defender","https://media.api-sports.io/football/players/48372.png","2026-05-25T12:16:16Z"
"15","Switzerland","https://media.api-sports.io/football/teams/15.png","349344","L. Jaquez","22","20","Defender","https://media.api-sports.io/football/players/349344.png","2026-05-25T12:16:16Z"
"15","Switzerland","https://media.api-sports.io/football/teams/15.png","5","M. Akanji","30","5","Defender","https://media.api-sports.io/football/players/5.png","2026-05-25T12:16:16Z"
"15","Switzerland","https://media.api-sports.io/football/teams/15.png","48489","M. Muheim","27","2","Defender","https://media.api-sports.io/football/players/48489.png","2026-05-25T12:16:16Z"
"15","Switzerland","https://media.api-sports.io/football/teams/15.png","2803","N. Elvedi","29","4","Defender","https://media.api-sports.io/football/players/2803.png","2026-05-25T12:16:16Z"
"15","Switzerland","https://media.api-sports.io/football/teams/15.png","1631","R. Rodríguez","33","13","Defender","https://media.api-sports.io/football/players/1631.png","2026-05-25T12:16:16Z"
"15","Switzerland","https://media.api-sports.io/football/teams/15.png","48378","S. Widmer","32","3","Defender","https://media.api-sports.io/football/players/48378.png","2026-05-25T12:16:16Z"
"15","Switzerland","https://media.api-sports.io/football/teams/15.png","25282","G. Kobel","28","1","Goalkeeper","https://media.api-sports.io/football/players/25282.png","2026-05-25T12:16:16Z"
"15","Switzerland","https://media.api-sports.io/football/teams/15.png","123468","M. Keller","23","21","Goalkeeper","https://media.api-sports.io/football/players/123468.png","2026-05-25T12:16:16Z"
"15","Switzerland","https://media.api-sports.io/football/teams/15.png","1142","Y. Mvogo","31","12","Goalkeeper","https://media.api-sports.io/football/players/1142.png","2026-05-25T12:16:16Z"
"15","Switzerland","https://media.api-sports.io/football/teams/15.png","264705","A. Jashari","23","20","Midfielder","https://media.api-sports.io/football/players/264705.png","2026-05-25T12:16:16Z"
"15","Switzerland","https://media.api-sports.io/football/teams/15.png","290646","A. Sanches","22","10","Midfielder","https://media.api-sports.io/football/players/290646.png","2026-05-25T12:16:16Z"
"15","Switzerland","https://media.api-sports.io/football/teams/15.png","957","D. Sow","28","15","Midfielder","https://media.api-sports.io/football/players/957.png","2026-05-25T12:16:16Z"
"15","Switzerland","https://media.api-sports.io/football/teams/15.png","2810","D. Zakaria","29","6","Midfielder","https://media.api-sports.io/football/players/2810.png","2026-05-25T12:16:16Z"
"15","Switzerland","https://media.api-sports.io/football/teams/15.png","1464","G. Xhaka","33","10","Midfielder","https://media.api-sports.io/football/players/1464.png","2026-05-25T12:16:16Z"
"15","Switzerland","https://media.api-sports.io/football/teams/15.png","406244","J. Manzambi","20","9","Midfielder","https://media.api-sports.io/football/players/406244.png","2026-05-25T12:16:16Z"
"15","Switzerland","https://media.api-sports.io/football/teams/15.png","277862","Joël Monteiro","26","14","Midfielder","https://media.api-sports.io/football/players/277862.png","2026-05-25T12:16:16Z"
"15","Switzerland","https://media.api-sports.io/football/teams/15.png","951","M. Aebischer","28","20","Midfielder","https://media.api-sports.io/football/players/951.png","2026-05-25T12:16:16Z"
"15","Switzerland","https://media.api-sports.io/football/teams/15.png","2807","R. Freuler","33","8","Midfielder","https://media.api-sports.io/football/players/2807.png","2026-05-25T12:16:16Z"
"15","Switzerland","https://media.api-sports.io/football/teams/15.png","48471","R. Vargas","27","17","Midfielder","https://media.api-sports.io/football/players/48471.png","2026-05-25T12:16:16Z"
"15","Switzerland","https://media.api-sports.io/football/teams/15.png","48491","V. Sierro","30","16","Midfielder","https://media.api-sports.io/football/players/48491.png","2026-05-25T12:16:16Z"
"28","Tunisia","https://media.api-sports.io/football/teams/28.png","42012","E. Achouri","26","7","Attacker","https://media.api-sports.io/football/players/42012.png","2026-05-25T12:16:16Z"
"28","Tunisia","https://media.api-sports.io/football/teams/28.png","323974","E. Saad","26","8","Attacker","https://media.api-sports.io/football/players/323974.png","2026-05-25T12:16:16Z"
"28","Tunisia","https://media.api-sports.io/football/teams/28.png","2962","F. Chaouat","29","19","Attacker","https://media.api-sports.io/football/players/2962.png","2026-05-25T12:16:16Z"
"28","Tunisia","https://media.api-sports.io/football/teams/28.png","344862","H. Mastouri","28","9","Attacker","https://media.api-sports.io/football/players/344862.png","2026-05-25T12:16:16Z"
"28","Tunisia","https://media.api-sports.io/football/teams/28.png","533295","K. Ayari","20","10","Attacker","https://media.api-sports.io/football/players/533295.png","2026-05-25T12:16:16Z"
"28","Tunisia","https://media.api-sports.io/football/teams/28.png","566059","R. Elloumi","18",,"Attacker","https://media.api-sports.io/football/players/566059.png","2026-05-25T12:16:16Z"
"28","Tunisia","https://media.api-sports.io/football/teams/28.png","57518","S. Tounekti","23","26","Attacker","https://media.api-sports.io/football/players/57518.png","2026-05-25T12:16:16Z"
"28","Tunisia","https://media.api-sports.io/football/teams/28.png","49583","A. Abdi","32","2","Defender","https://media.api-sports.io/football/players/49583.png","2026-05-25T12:16:16Z"
"28","Tunisia","https://media.api-sports.io/football/teams/28.png","393977","A. Arous","21","24","Defender","https://media.api-sports.io/football/players/393977.png","2026-05-25T12:16:16Z"
"28","Tunisia","https://media.api-sports.io/football/teams/28.png","135059","A. Ben Hmida","30","3","Defender","https://media.api-sports.io/football/players/135059.png","2026-05-25T12:16:16Z"
"28","Tunisia","https://media.api-sports.io/football/teams/28.png","2945","D. Bronn","30","6","Defender","https://media.api-sports.io/football/players/2945.png","2026-05-25T12:16:16Z"
"28","Tunisia","https://media.api-sports.io/football/teams/28.png","375608","M. Neffati","21","17","Defender","https://media.api-sports.io/football/players/375608.png","2026-05-25T12:16:16Z"
"28","Tunisia","https://media.api-sports.io/football/teams/28.png","50030","M. Talbi","27","3","Defender","https://media.api-sports.io/football/players/50030.png","2026-05-25T12:16:16Z"
"28","Tunisia","https://media.api-sports.io/football/teams/28.png","163068","O. Rekik","24","4","Defender","https://media.api-sports.io/football/players/163068.png","2026-05-25T12:16:16Z"
"28","Tunisia","https://media.api-sports.io/football/teams/28.png","533360","R. Chikhaoui","21",,"Defender","https://media.api-sports.io/football/players/533360.png","2026-05-25T12:16:16Z"
"28","Tunisia","https://media.api-sports.io/football/teams/28.png","18942","Y. Valery","26","20","Defender","https://media.api-sports.io/football/players/18942.png","2026-05-25T12:16:16Z"
"28","Tunisia","https://media.api-sports.io/football/teams/28.png","49424","A. Dahmen","28","16","Goalkeeper","https://media.api-sports.io/football/players/49424.png","2026-05-25T12:16:16Z"
"28","Tunisia","https://media.api-sports.io/football/teams/28.png","533394","C. Abdelmouhib","24",,"Goalkeeper","https://media.api-sports.io/football/players/533394.png","2026-05-25T12:16:16Z"
"28","Tunisia","https://media.api-sports.io/football/teams/28.png","49423","S. Ben Hsan","29","16","Goalkeeper","https://media.api-sports.io/football/players/49423.png","2026-05-25T12:16:16Z"
"28","Tunisia","https://media.api-sports.io/football/teams/28.png","199310","A. Ben Slimane","24","8","Midfielder","https://media.api-sports.io/football/players/199310.png","2026-05-25T12:16:16Z"
"28","Tunisia","https://media.api-sports.io/football/teams/28.png","21587","E. Skhiri","30","17","Midfielder","https://media.api-sports.io/football/players/21587.png","2026-05-25T12:16:16Z"
"28","Tunisia","https://media.api-sports.io/football/teams/28.png","67195","H. Mahmoud","25","15","Midfielder","https://media.api-sports.io/football/players/67195.png","2026-05-25T12:16:16Z"
"28","Tunisia","https://media.api-sports.io/football/teams/28.png","180560","H. Mejbri","22","10","Midfielder","https://media.api-sports.io/football/players/180560.png","2026-05-25T12:16:16Z"
"28","Tunisia","https://media.api-sports.io/football/teams/28.png","310196","Ismaël Gharbi","21","11","Midfielder","https://media.api-sports.io/football/players/310196.png","2026-05-25T12:16:16Z"
"28","Tunisia","https://media.api-sports.io/football/teams/28.png","49469","M. Ben Ouanes","31","21","Midfielder","https://media.api-sports.io/football/players/49469.png","2026-05-25T12:16:16Z"
"28","Tunisia","https://media.api-sports.io/football/teams/28.png","25300","R. Khedira","31","18","Midfielder","https://media.api-sports.io/football/players/25300.png","2026-05-25T12:16:16Z"
"777","Türkiye","https://media.api-sports.io/football/teams/777.png","161790","A. Şimşir","23","20","Attacker","https://media.api-sports.io/football/players/161790.png","2026-05-25T12:16:16Z"
"777","Türkiye","https://media.api-sports.io/football/teams/777.png","63274","B. Yılmaz","25","9","Attacker","https://media.api-sports.io/football/players/63274.png","2026-05-25T12:16:16Z"
"777","Türkiye","https://media.api-sports.io/football/teams/777.png","388570","D. Gül","21","13","Attacker","https://media.api-sports.io/football/players/388570.png","2026-05-25T12:16:16Z"
"777","Türkiye","https://media.api-sports.io/football/teams/777.png","49857","İ. Kahveci","30","17","Attacker","https://media.api-sports.io/football/players/49857.png","2026-05-25T12:16:16Z"
"777","Türkiye","https://media.api-sports.io/football/teams/777.png","142959","K. Aktürkoğlu","27","7","Attacker","https://media.api-sports.io/football/players/142959.png","2026-05-25T12:16:16Z"
"777","Türkiye","https://media.api-sports.io/football/teams/777.png","339883","K. Yıldız","20","11","Attacker","https://media.api-sports.io/football/players/339883.png","2026-05-25T12:16:16Z"
"777","Türkiye","https://media.api-sports.io/football/teams/777.png","454","Y. Akgün","25","21","Attacker","https://media.api-sports.io/football/players/454.png","2026-05-25T12:16:16Z"
"777","Türkiye","https://media.api-sports.io/football/teams/777.png","1921","Y. Sarı","27","7","Attacker","https://media.api-sports.io/football/players/1921.png","2026-05-25T12:16:16Z"
"777","Türkiye","https://media.api-sports.io/football/teams/777.png","61837","A. Bardakcı","31","14","Defender","https://media.api-sports.io/football/players/61837.png","2026-05-25T12:16:16Z"
"777","Türkiye","https://media.api-sports.io/football/teams/777.png","278159","A. Kaplan","23","13","Defender","https://media.api-sports.io/football/players/278159.png","2026-05-25T12:16:16Z"
"777","Türkiye","https://media.api-sports.io/football/teams/777.png","18776","Ç. Söyüncü","29","4","Defender","https://media.api-sports.io/football/players/18776.png","2026-05-25T12:16:16Z"
"777","Türkiye","https://media.api-sports.io/football/teams/777.png","50057","E. Elmalı","25","3","Defender","https://media.api-sports.io/football/players/50057.png","2026-05-25T12:16:16Z"
"777","Türkiye","https://media.api-sports.io/football/teams/777.png","1361","F. Kadıoğlu","26","20","Defender","https://media.api-sports.io/football/players/1361.png","2026-05-25T12:16:16Z"
"777","Türkiye","https://media.api-sports.io/football/teams/777.png","25448","K. Ayhan","31","22","Defender","https://media.api-sports.io/football/players/25448.png","2026-05-25T12:16:16Z"
"777","Türkiye","https://media.api-sports.io/football/teams/777.png","1719","M. Müldür","26","18","Defender","https://media.api-sports.io/football/players/1719.png","2026-05-25T12:16:16Z"
"777","Türkiye","https://media.api-sports.io/football/teams/777.png","26300","O. Kabak","25","15","Defender","https://media.api-sports.io/football/players/26300.png","2026-05-25T12:16:16Z"
"777","Türkiye","https://media.api-sports.io/football/teams/777.png","62490","S. Akaydin","31","4","Defender","https://media.api-sports.io/football/players/62490.png","2026-05-25T12:16:16Z"
"777","Türkiye","https://media.api-sports.io/football/teams/777.png","412703","Yusuf Akçiçek","20","14","Defender","https://media.api-sports.io/football/players/412703.png","2026-05-25T12:16:16Z"
"777","Türkiye","https://media.api-sports.io/football/teams/777.png","22222","Z. Çelik","28","2","Defender","https://media.api-sports.io/football/players/22222.png","2026-05-25T12:16:16Z"
"777","Türkiye","https://media.api-sports.io/football/teams/777.png","50132","A. Bayındır","27","12","Goalkeeper","https://media.api-sports.io/football/players/50132.png","2026-05-25T12:16:16Z"
"777","Türkiye","https://media.api-sports.io/football/teams/777.png","1971","E. Destanoğlu","25","1","Goalkeeper","https://media.api-sports.io/football/players/1971.png","2026-05-25T12:16:16Z"
"777","Türkiye","https://media.api-sports.io/football/teams/777.png","49837","M. Günok","36","1","Goalkeeper","https://media.api-sports.io/football/players/49837.png","2026-05-25T12:16:16Z"
"777","Türkiye","https://media.api-sports.io/football/teams/777.png","50218","M. Şengezer","29","1","Goalkeeper","https://media.api-sports.io/football/players/50218.png","2026-05-25T12:16:16Z"
"777","Türkiye","https://media.api-sports.io/football/teams/777.png","49866","U. Çakır","29","23","Goalkeeper","https://media.api-sports.io/football/players/49866.png","2026-05-25T12:16:16Z"
"777","Türkiye","https://media.api-sports.io/football/teams/777.png","291964","A. Güler","20","8","Midfielder","https://media.api-sports.io/football/players/291964.png","2026-05-25T12:16:16Z"
"777","Türkiye","https://media.api-sports.io/football/teams/777.png","24963","A. Karazor","29","19","Midfielder","https://media.api-sports.io/football/players/24963.png","2026-05-25T12:16:16Z"
"777","Türkiye","https://media.api-sports.io/football/teams/777.png","339887","C. Uzun","20","22","Midfielder","https://media.api-sports.io/football/players/339887.png","2026-05-25T12:16:16Z"
"777","Türkiye","https://media.api-sports.io/football/teams/777.png","336570","E. Tıknaz","21","6","Midfielder","https://media.api-sports.io/football/players/336570.png","2026-05-25T12:16:16Z"
"777","Türkiye","https://media.api-sports.io/football/teams/777.png","1640","H. Çalhanoğlu","31","10","Midfielder","https://media.api-sports.io/football/players/1640.png","2026-05-25T12:16:16Z"
"777","Türkiye","https://media.api-sports.io/football/teams/777.png","214463","İ. Yüksek","27","16","Midfielder","https://media.api-sports.io/football/players/214463.png","2026-05-25T12:16:16Z"
"777","Türkiye","https://media.api-sports.io/football/teams/777.png","134590","O. Aydın","25","19","Midfielder","https://media.api-sports.io/football/players/134590.png","2026-05-25T12:16:16Z"
"777","Türkiye","https://media.api-sports.io/football/teams/777.png","37155","O. Kökçü","25","6","Midfielder","https://media.api-sports.io/football/players/37155.png","2026-05-25T12:16:16Z"
"777","Türkiye","https://media.api-sports.io/football/teams/777.png","24807","S. Özcan","27","5","Midfielder","https://media.api-sports.io/football/players/24807.png","2026-05-25T12:16:16Z"
"7","Uruguay","https://media.api-sports.io/football/teams/7.png","278190","A. Álvarez","24","9","Attacker","https://media.api-sports.io/football/players/278190.png","2026-05-25T12:16:16Z"
"7","Uruguay","https://media.api-sports.io/football/teams/7.png","51603","A. Canobbio","27","14","Attacker","https://media.api-sports.io/football/players/51603.png","2026-05-25T12:16:16Z"
"7","Uruguay","https://media.api-sports.io/football/teams/7.png","51618","B. Rodríguez","25","10","Attacker","https://media.api-sports.io/football/players/51618.png","2026-05-25T12:16:16Z"
"7","Uruguay","https://media.api-sports.io/football/teams/7.png","51617","D. Núñez","26","9","Attacker","https://media.api-sports.io/football/players/51617.png","2026-05-25T12:16:16Z"
"7","Uruguay","https://media.api-sports.io/football/teams/7.png","70078","F. Pellistri","24","11","Attacker","https://media.api-sports.io/football/players/70078.png","2026-05-25T12:16:16Z"
"7","Uruguay","https://media.api-sports.io/football/teams/7.png","51620","F. Torres","25","21","Attacker","https://media.api-sports.io/football/players/51620.png","2026-05-25T12:16:16Z"
"7","Uruguay","https://media.api-sports.io/football/teams/7.png","51530","F. Viñas","27","13","Attacker","https://media.api-sports.io/football/players/51530.png","2026-05-25T12:16:16Z"
"7","Uruguay","https://media.api-sports.io/football/teams/7.png","51776","M. Araújo","25","20","Attacker","https://media.api-sports.io/football/players/51776.png","2026-05-25T12:16:16Z"
"7","Uruguay","https://media.api-sports.io/football/teams/7.png","16482","R. Aguirre","31","7","Attacker","https://media.api-sports.io/football/players/16482.png","2026-05-25T12:16:16Z"
"7","Uruguay","https://media.api-sports.io/football/teams/7.png","1290","G. Varela","32","13","Defender","https://media.api-sports.io/football/players/1290.png","2026-05-25T12:16:16Z"
"7","Uruguay","https://media.api-sports.io/football/teams/7.png","31","J. Giménez","30","2","Defender","https://media.api-sports.io/football/players/31.png","2026-05-25T12:16:16Z"
"7","Uruguay","https://media.api-sports.io/football/teams/7.png","51466","J. Piquerez","27","22","Defender","https://media.api-sports.io/football/players/51466.png","2026-05-25T12:16:16Z"
"7","Uruguay","https://media.api-sports.io/football/teams/7.png","51426","J. Rodríguez","28","14","Defender","https://media.api-sports.io/football/players/51426.png","2026-05-25T12:16:16Z"
"7","Uruguay","https://media.api-sports.io/football/teams/7.png","47254","M. Olivera","28","16","Defender","https://media.api-sports.io/football/players/47254.png","2026-05-25T12:16:16Z"
"7","Uruguay","https://media.api-sports.io/football/teams/7.png","51572","M. Viña","28","17","Defender","https://media.api-sports.io/football/players/51572.png","2026-05-25T12:16:16Z"
"7","Uruguay","https://media.api-sports.io/football/teams/7.png","101814","R. Araújo","26","4","Defender","https://media.api-sports.io/football/players/101814.png","2026-05-25T12:16:16Z"
"7","Uruguay","https://media.api-sports.io/football/teams/7.png","135334","S. Bueno","27","2","Defender","https://media.api-sports.io/football/players/135334.png","2026-05-25T12:16:16Z"
"7","Uruguay","https://media.api-sports.io/football/teams/7.png","51535","S. Cáceres","26","3","Defender","https://media.api-sports.io/football/players/51535.png","2026-05-25T12:16:16Z"
"7","Uruguay","https://media.api-sports.io/football/teams/7.png","429","F. Muslera","39","1","Goalkeeper","https://media.api-sports.io/football/players/429.png","2026-05-25T12:16:16Z"
"7","Uruguay","https://media.api-sports.io/football/teams/7.png","405124","K. Martínez","20","1","Goalkeeper","https://media.api-sports.io/football/players/405124.png","2026-05-25T12:16:16Z"
"7","Uruguay","https://media.api-sports.io/football/teams/7.png","61895","S. Mele","28","23","Goalkeeper","https://media.api-sports.io/football/players/61895.png","2026-05-25T12:16:16Z"
"7","Uruguay","https://media.api-sports.io/football/teams/7.png","50077","S. Rochet","32","1","Goalkeeper","https://media.api-sports.io/football/players/50077.png","2026-05-25T12:16:16Z"
"7","Uruguay","https://media.api-sports.io/football/teams/7.png","153083","E. Martínez","26","20","Midfielder","https://media.api-sports.io/football/players/153083.png","2026-05-25T12:16:16Z"
"7","Uruguay","https://media.api-sports.io/football/teams/7.png","756","F. Valverde","27","15","Midfielder","https://media.api-sports.io/football/players/756.png","2026-05-25T12:16:16Z"
"7","Uruguay","https://media.api-sports.io/football/teams/7.png","2612","G. de Arrascaeta","31","10","Midfielder","https://media.api-sports.io/football/players/2612.png","2026-05-25T12:16:16Z"
"7","Uruguay","https://media.api-sports.io/football/teams/7.png","162891","J. Sanabria","25","18","Midfielder","https://media.api-sports.io/football/players/162891.png","2026-05-25T12:16:16Z"
"7","Uruguay","https://media.api-sports.io/football/teams/7.png","51494","M. Ugarte","24","5","Midfielder","https://media.api-sports.io/football/players/51494.png","2026-05-25T12:16:16Z"
"7","Uruguay","https://media.api-sports.io/football/teams/7.png","5995","N. de la Cruz","28","7","Midfielder","https://media.api-sports.io/football/players/5995.png","2026-05-25T12:16:16Z"
"7","Uruguay","https://media.api-sports.io/football/teams/7.png","30690","N. Fonseca","27","15","Midfielder","https://media.api-sports.io/football/players/30690.png","2026-05-25T12:16:16Z"
"2384","USA","https://media.api-sports.io/football/teams/2384.png","17","C. Pulišić","27","10","Attacker","https://media.api-sports.io/football/players/17.png","2026-05-25T12:16:16Z"
"2384","USA","https://media.api-sports.io/football/teams/2384.png","138835","F. Balogun","24","20","Attacker","https://media.api-sports.io/football/players/138835.png","2026-05-25T12:16:16Z"
"2384","USA","https://media.api-sports.io/football/teams/2384.png","427","H. Wright","27","19","Attacker","https://media.api-sports.io/football/players/427.png","2026-05-25T12:16:16Z"
"2384","USA","https://media.api-sports.io/football/teams/2384.png","362400","M. Arfsten","24","18","Attacker","https://media.api-sports.io/football/players/362400.png","2026-05-25T12:16:16Z"
"2384","USA","https://media.api-sports.io/football/teams/2384.png","407652","P. Agyemang","25","24","Attacker","https://media.api-sports.io/football/players/407652.png","2026-05-25T12:16:16Z"
"2384","USA","https://media.api-sports.io/football/teams/2384.png","73868","R. Pepi","22","9","Attacker","https://media.api-sports.io/football/players/73868.png","2026-05-25T12:16:16Z"
"2384","USA","https://media.api-sports.io/football/teams/2384.png","355994","A. Freeman","21","16","Defender","https://media.api-sports.io/football/players/355994.png","2026-05-25T12:16:16Z"
"2384","USA","https://media.api-sports.io/football/teams/2384.png","19549","A. Robinson","28","5","Defender","https://media.api-sports.io/football/players/19549.png","2026-05-25T12:16:16Z"
"2384","USA","https://media.api-sports.io/football/teams/2384.png","50737","A. Trusty","27","2","Defender","https://media.api-sports.io/football/players/50737.png","2026-05-25T12:16:16Z"
"2384","USA","https://media.api-sports.io/football/teams/2384.png","126949","C. Richards","25","3","Defender","https://media.api-sports.io/football/players/126949.png","2026-05-25T12:16:16Z"
"2384","USA","https://media.api-sports.io/football/teams/2384.png","50852","J. Scally","23","19","Defender","https://media.api-sports.io/football/players/50852.png","2026-05-25T12:16:16Z"
"2384","USA","https://media.api-sports.io/football/teams/2384.png","119002","J. Tolkin","23","2","Defender","https://media.api-sports.io/football/players/119002.png","2026-05-25T12:16:16Z"
"2384","USA","https://media.api-sports.io/football/teams/2384.png","50735","M. McKenzie","26","22","Defender","https://media.api-sports.io/football/players/50735.png","2026-05-25T12:16:16Z"
"2384","USA","https://media.api-sports.io/football/teams/2384.png","50879","M. Robinson","28","12","Defender","https://media.api-sports.io/football/players/50879.png","2026-05-25T12:16:16Z"
"2384","USA","https://media.api-sports.io/football/teams/2384.png","38735","S. Dest","25","2","Defender","https://media.api-sports.io/football/players/38735.png","2026-05-25T12:16:16Z"
"2384","USA","https://media.api-sports.io/football/teams/2384.png","19023","T. Ream","38","13","Defender","https://media.api-sports.io/football/players/19023.png","2026-05-25T12:16:16Z"
"2384","USA","https://media.api-sports.io/football/teams/2384.png","266606","C. Brady","21","26","Goalkeeper","https://media.api-sports.io/football/players/266606.png","2026-05-25T12:16:16Z"
"2384","USA","https://media.api-sports.io/football/teams/2384.png","25335","J. Klinsmann","28","1","Goalkeeper","https://media.api-sports.io/football/players/25335.png","2026-05-25T12:16:16Z"
"2384","USA","https://media.api-sports.io/football/teams/2384.png","50728","M. Freese","27","25","Goalkeeper","https://media.api-sports.io/football/players/50728.png","2026-05-25T12:16:16Z"
"2384","USA","https://media.api-sports.io/football/teams/2384.png","50999","M. Turner","31","1","Goalkeeper","https://media.api-sports.io/football/players/50999.png","2026-05-25T12:16:16Z"
"2384","USA","https://media.api-sports.io/football/teams/2384.png","102685","P. Schulte","24","18","Goalkeeper","https://media.api-sports.io/football/players/102685.png","2026-05-25T12:16:16Z"
"2384","USA","https://media.api-sports.io/football/teams/2384.png","351571","R. Celentano","25",,"Goalkeeper","https://media.api-sports.io/football/players/351571.png","2026-05-25T12:16:16Z"
"2384","USA","https://media.api-sports.io/football/teams/2384.png","201714","A. Morris","24","16","Midfielder","https://media.api-sports.io/football/players/201714.png","2026-05-25T12:16:16Z"
"2384","USA","https://media.api-sports.io/football/teams/2384.png","50739","B. Aaronson","25","11","Midfielder","https://media.api-sports.io/football/players/50739.png","2026-05-25T12:16:16Z"
"2384","USA","https://media.api-sports.io/football/teams/2384.png","51114","C. Roldan","30","10","Midfielder","https://media.api-sports.io/football/players/51114.png","2026-05-25T12:16:16Z"
"2384","USA","https://media.api-sports.io/football/teams/2384.png","312896","D. Luna","22","10","Midfielder","https://media.api-sports.io/football/players/312896.png","2026-05-25T12:16:16Z"
"2384","USA","https://media.api-sports.io/football/teams/2384.png","161921","G. Reyna","23","7","Midfielder","https://media.api-sports.io/football/players/161921.png","2026-05-25T12:16:16Z"
"2384","USA","https://media.api-sports.io/football/teams/2384.png","133185","J. Cardoso","24","15","Midfielder","https://media.api-sports.io/football/players/133185.png","2026-05-25T12:16:16Z"
"2384","USA","https://media.api-sports.io/football/teams/2384.png","162037","M. Tillman","23","17","Midfielder","https://media.api-sports.io/football/players/162037.png","2026-05-25T12:16:16Z"
"2384","USA","https://media.api-sports.io/football/teams/2384.png","201713","S. Berhalter","24","8","Midfielder","https://media.api-sports.io/football/players/201713.png","2026-05-25T12:16:16Z"
"2384","USA","https://media.api-sports.io/football/teams/2384.png","80752","T. Tessmann","24","11","Midfielder","https://media.api-sports.io/football/players/80752.png","2026-05-25T12:16:16Z"
"2384","USA","https://media.api-sports.io/football/teams/2384.png","25617","T. Tillman","26","26","Midfielder","https://media.api-sports.io/football/players/25617.png","2026-05-25T12:16:16Z"
"2384","USA","https://media.api-sports.io/football/teams/2384.png","1138","T. Weah","25","21","Midfielder","https://media.api-sports.io/football/players/1138.png","2026-05-25T12:16:16Z"
"2384","USA","https://media.api-sports.io/football/teams/2384.png","415","W. McKennie","27","8","Midfielder","https://media.api-sports.io/football/players/415.png","2026-05-25T12:16:16Z"
"1568","Uzbekistan","https://media.api-sports.io/football/teams/1568.png","532640","A. Odilov","24","28","Attacker","https://media.api-sports.io/football/players/532640.png","2026-05-25T12:16:16Z"
"1568","Uzbekistan","https://media.api-sports.io/football/teams/1568.png","53834","D. Khamdamov","29","17","Attacker","https://media.api-sports.io/football/players/53834.png","2026-05-25T12:16:16Z"
"1568","Uzbekistan","https://media.api-sports.io/football/teams/1568.png","53535","E. Shomurodov","30","14","Attacker","https://media.api-sports.io/football/players/53535.png","2026-05-25T12:16:16Z"
"1568","Uzbekistan","https://media.api-sports.io/football/teams/1568.png","72128","I. Sergeev","32","21","Attacker","https://media.api-sports.io/football/players/72128.png","2026-05-25T12:16:16Z"
"1568","Uzbekistan","https://media.api-sports.io/football/teams/1568.png","72127","O. O&apos;runov","25","11","Attacker","https://media.api-sports.io/football/players/72127.png","2026-05-25T12:16:16Z"
"1568","Uzbekistan","https://media.api-sports.io/football/teams/1568.png","360114","A. Khusanov","21","2","Defender","https://media.api-sports.io/football/players/360114.png","2026-05-25T12:16:16Z"
"1568","Uzbekistan","https://media.api-sports.io/football/teams/1568.png","416964","B. Karimov","18","16","Defender","https://media.api-sports.io/football/players/416964.png","2026-05-25T12:16:16Z"
"1568","Uzbekistan","https://media.api-sports.io/football/teams/1568.png","532759","F. Sayfiev","34","4","Defender","https://media.api-sports.io/football/players/532759.png","2026-05-25T12:16:16Z"
"1568","Uzbekistan","https://media.api-sports.io/football/teams/1568.png","358427","J. Urozov","22","6","Defender","https://media.api-sports.io/football/players/358427.png","2026-05-25T12:16:16Z"
"1568","Uzbekistan","https://media.api-sports.io/football/teams/1568.png","72122","K. Alijonov","28","3","Defender","https://media.api-sports.io/football/players/72122.png","2026-05-25T12:16:16Z"
"1568","Uzbekistan","https://media.api-sports.io/football/teams/1568.png","410549","M. Abdumajidov","21",,"Defender","https://media.api-sports.io/football/players/410549.png","2026-05-25T12:16:16Z"
"1568","Uzbekistan","https://media.api-sports.io/football/teams/1568.png","311906","M. Khamraliev","24","5","Defender","https://media.api-sports.io/football/players/311906.png","2026-05-25T12:16:16Z"
"1568","Uzbekistan","https://media.api-sports.io/football/teams/1568.png","34121","R. Ashurmatov","29","5","Defender","https://media.api-sports.io/football/players/34121.png","2026-05-25T12:16:16Z"
"1568","Uzbekistan","https://media.api-sports.io/football/teams/1568.png","73514","S. Nasrullayev","27","13","Defender","https://media.api-sports.io/football/players/73514.png","2026-05-25T12:16:16Z"
"1568","Uzbekistan","https://media.api-sports.io/football/teams/1568.png","73510","U. Eshmurodov","33","15","Defender","https://media.api-sports.io/football/players/73510.png","2026-05-25T12:16:16Z"
"1568","Uzbekistan","https://media.api-sports.io/football/teams/1568.png","73507","A. Ne&apos;matov","24","12","Goalkeeper","https://media.api-sports.io/football/players/73507.png","2026-05-25T12:16:16Z"
"1568","Uzbekistan","https://media.api-sports.io/football/teams/1568.png","72120","B. Ergashev","30","16","Goalkeeper","https://media.api-sports.io/football/players/72120.png","2026-05-25T12:16:16Z"
"1568","Uzbekistan","https://media.api-sports.io/football/teams/1568.png","73534","U. Yusupov","34","1","Goalkeeper","https://media.api-sports.io/football/players/73534.png","2026-05-25T12:16:16Z"
"1568","Uzbekistan","https://media.api-sports.io/football/teams/1568.png","73520","A. Gʻaniyev","27","10","Midfielder","https://media.api-sports.io/football/players/73520.png","2026-05-25T12:16:16Z"
"1568","Uzbekistan","https://media.api-sports.io/football/teams/1568.png","73522","A. Mozgovoy","26","6","Midfielder","https://media.api-sports.io/football/players/73522.png","2026-05-25T12:16:16Z"
"1568","Uzbekistan","https://media.api-sports.io/football/teams/1568.png","200946","I. Ibragimov","24","8","Midfielder","https://media.api-sports.io/football/players/200946.png","2026-05-25T12:16:16Z"
"1568","Uzbekistan","https://media.api-sports.io/football/teams/1568.png","65576","J. Iskanderov","32","8","Midfielder","https://media.api-sports.io/football/players/65576.png","2026-05-25T12:16:16Z"
"1568","Uzbekistan","https://media.api-sports.io/football/teams/1568.png","53835","O. Hamrobekov","29","9","Midfielder","https://media.api-sports.io/football/players/53835.png","2026-05-25T12:16:16Z"
"1568","Uzbekistan","https://media.api-sports.io/football/teams/1568.png","50272","O. Shukurov","29","7","Midfielder","https://media.api-sports.io/football/players/50272.png","2026-05-25T12:16:16Z"
"1568","Uzbekistan","https://media.api-sports.io/football/teams/1568.png","546505","S. Temirov","27","11","Midfielder","https://media.api-sports.io/football/players/546505.png","2026-05-25T12:16:16Z"
"1568","Uzbekistan","https://media.api-sports.io/football/teams/1568.png","328759","U. Rahmonaliyev","22","15","Midfielder","https://media.api-sports.io/football/players/328759.png","2026-05-25T12:16:16Z"
